NomeCDL,Codice
Percorso 35,8659
Percorso 35,9577
Percorso 35,8797
Percorso 35,1678
Percorso 35,5713
Percorso 35,4047
Percorso 35,1441
Percorso 35,8659
Percorso 35,6136
Percorso 35,5935
Percorso 35,3370
Percorso 35,7147
Percorso 35,4269
Percorso 35,2806
Percorso 35,5778
Percorso 35,8123
Percorso 35,4192
Percorso 1,6916
Percorso 1,5767
Percorso 1,6475
Percorso 1,4552
Percorso 1,3320
Percorso 1,4853
Percorso 1,4917
Percorso 1,7191
Percorso 1,4807
Percorso 1,6916
Percorso 1,3370
Percorso 1,7693
Percorso 1,1158
Percorso 1,9755
Percorso 1,5713
Percorso 1,6642
Percorso 36,1678
Percorso 36,2010
Percorso 36,3084
Percorso 36,6916
Percorso 36,9314
Percorso 36,5163
Percorso 36,4853
Percorso 36,4917
Percorso 36,4807
Percorso 36,3370
Percorso 36,1255
Percorso 36,6475
Percorso 36,1809
Percorso 36,7693
Percorso 36,2548
Percorso 36,8123
Percorso 36,7147
Percorso 36,3084
Percorso 36,4552
Percorso 36,7693
Percorso 36,5935
Percorso 36,4192
Percorso 36,7335
Percorso 36,2548
Percorso 9,7147
Percorso 9,4047
Percorso 9,8711
Percorso 9,9577
Percorso 9,8123
Percorso 9,7689
Percorso 9,4552
Percorso 9,8797
Percorso 9,9755
Percorso 9,2548
Percorso 9,4192
Percorso 9,2010
Percorso 9,1158
Percorso 9,9577
Percorso 9,9459
Percorso 9,6642
Percorso 9,5935
Percorso 9,4732
Percorso 9,8659
Percorso 28,9314
Percorso 28,7409
Percorso 28,9459
Percorso 28,5739
Percorso 28,4807
Percorso 28,9577
Percorso 28,4917
Percorso 28,9559
Percorso 28,7929
Percorso 28,2010
Percorso 28,6916
Percorso 28,6916
Percorso 28,3263
Percorso 28,4493
Percorso 28,7689
Percorso 28,4493
Percorso 28,4853
Percorso 28,4853
Percorso 28,4853
Percorso 33,4807
Percorso 33,5778
Percorso 33,3320
Percorso 33,3826
Percorso 33,7929
Percorso 33,4047
Percorso 33,7929
Percorso 33,6833
Percorso 33,6082
Percorso 33,4917
Percorso 33,3084
Percorso 33,4732
Percorso 33,6916
Percorso 33,4269
Percorso 33,5778
Percorso 33,4047
Percorso 33,6558
Percorso 33,1678
Percorso 33,5935
Percorso 22,4807
Percorso 22,7689
Percorso 22,4047
Percorso 22,6825
Percorso 22,9314
Percorso 22,4853
Percorso 22,3370
Percorso 22,7335
Percorso 22,5778
Percorso 22,3084
Percorso 22,5713
Percorso 22,8797
Percorso 22,5767
Percorso 22,4269
Percorso 22,6642
Percorso 39,7335
Percorso 39,5767
Percorso 39,3370
Percorso 39,8797
Percorso 39,1255
Percorso 39,6833
Percorso 39,3645
Percorso 39,9907
Percorso 39,7929
Percorso 39,3994
Percorso 39,8123
Percorso 39,9459
Percorso 39,4269
Percorso 39,7191
Percorso 39,3994
Percorso 39,4192
Percorso 39,2548
Percorso 39,3263
Percorso 39,3370
Percorso 39,4552
Percorso 39,6642
Percorso 39,4853
Percorso 39,9755
Percorso 39,9577
Percorso 15,7693
Percorso 15,4917
Percorso 15,9755
Percorso 15,4192
Percorso 15,3370
Percorso 15,3512
Percorso 15,7191
Percorso 15,6082
Percorso 15,6916
Percorso 15,3512
Percorso 15,1158
Percorso 15,7929
Percorso 15,4047
Percorso 15,5739
Percorso 15,9907
Percorso 15,3370
Percorso 15,7147
Percorso 15,3370
Percorso 15,8711
Percorso 15,6082
Percorso 15,5778
Percorso 15,3994
Percorso 15,3512
Percorso 57,9577
Percorso 57,8797
Percorso 57,5767
Percorso 57,7784
Percorso 57,3320
Percorso 57,4552
Percorso 57,4493
Percorso 57,5163
Percorso 57,3512
Percorso 57,6825
Percorso 57,1255
Percorso 57,4269
Percorso 50,4269
Percorso 50,3320
Percorso 50,6558
Percorso 50,8797
Percorso 50,3994
Percorso 50,6825
Percorso 50,4807
Percorso 50,3645
Percorso 50,7693
Percorso 50,7147
Percorso 50,3370
Percorso 50,7191
Percorso 50,7335
Percorso 50,6475
Percorso 50,4493
Percorso 50,4807
Percorso 50,3826
Percorso 29,1158
Percorso 29,8711
Percorso 29,1255
Percorso 29,6475
Percorso 29,7693
Percorso 29,2548
Percorso 29,4493
Percorso 29,9459
Percorso 29,3320
Percorso 29,1158
Percorso 29,5713
Percorso 29,3994
Percorso 29,4269
Percorso 29,6833
Percorso 29,9459
Percorso 29,9577
Percorso 29,4269
Percorso 37,1678
Percorso 37,8797
Percorso 37,7929
Percorso 37,5713
Percorso 37,6825
Percorso 37,3994
Percorso 37,9755
Percorso 37,4047
Percorso 37,5739
Percorso 37,4917
Percorso 37,2010
Percorso 37,2548
Percorso 37,7191
Percorso 37,4192
Percorso 37,4917
Percorso 37,4552
Percorso 37,6833
Percorso 37,9577
Percorso 37,5767
Percorso 37,6475
Percorso 37,3320
Percorso 37,4552
Percorso 37,9755
Percorso 55,4192
Percorso 55,7929
Percorso 55,1678
Percorso 55,7784
Percorso 55,8797
Percorso 55,9755
Percorso 55,2010
Percorso 55,1678
Percorso 55,8659
Percorso 55,5935
Percorso 55,4047
Percorso 55,7335
Percorso 55,5739
Percorso 55,5269
Percorso 55,2806
Percorso 55,7147
Percorso 55,1809
Percorso 55,6833
Percorso 55,4047
Percorso 55,7929
Percorso 32,5935
Percorso 32,3645
Percorso 32,5739
Percorso 32,6136
Percorso 32,3512
Percorso 32,5935
Percorso 32,2010
Percorso 32,8123
Percorso 32,4807
Percorso 32,3320
Percorso 32,6642
Percorso 32,7147
Percorso 32,2548
Percorso 32,8123
Percorso 32,3512
Percorso 32,2296
Percorso 32,4192
Percorso 32,7409
Percorso 32,4269
Percorso 32,4552
Percorso 32,6082
Percorso 32,7409
Percorso 32,9459
Percorso 2,4493
Percorso 2,3826
Percorso 2,4493
Percorso 2,8659
Percorso 2,8123
Percorso 2,5713
Percorso 2,7147
Percorso 2,4493
Percorso 2,2806
Percorso 2,4807
Percorso 2,9755
Percorso 2,7929
Percorso 2,2806
Percorso 2,6642
Percorso 2,5778
Percorso 2,2296
Percorso 2,7929
Percorso 2,3512
Percorso 2,9755
Percorso 2,7693
Percorso 2,5163
Percorso 2,1255
Percorso 24,2806
Percorso 24,8123
Percorso 24,5163
Percorso 24,4047
Percorso 24,6916
Percorso 24,2010
Percorso 24,3512
Percorso 24,4853
Percorso 24,9907
Percorso 24,1158
Percorso 24,9755
Percorso 24,4192
Percorso 24,9314
Percorso 21,4269
Percorso 21,7335
Percorso 21,8123
Percorso 21,1809
Percorso 21,5778
Percorso 21,7335
Percorso 21,9907
Percorso 21,4269
Percorso 21,1441
Percorso 21,1158
Percorso 21,7784
Percorso 21,1678
Percorso 21,4552
Percorso 44,4732
Percorso 44,3994
Percorso 44,4493
Percorso 44,1158
Percorso 44,1255
Percorso 44,8659
Percorso 44,5767
Percorso 44,7689
Percorso 44,4192
Percorso 44,1255
Percorso 44,8659
Percorso 44,6558
Percorso 44,7784
Percorso 44,7147
Percorso 44,8711
Percorso 44,4917
Percorso 44,3512
Percorso 44,2548
Percorso 44,2806
Percorso 44,1158
Percorso 44,5713
Percorso 44,3645
Percorso 23,6833
Percorso 23,3645
Percorso 23,7191
Percorso 23,9577
Percorso 23,7689
Percorso 23,9314
Percorso 23,4552
Percorso 23,8797
Percorso 23,5269
Percorso 23,2296
Percorso 23,5767
Percorso 23,3263
Percorso 23,1158
Percorso 23,7784
Percorso 23,7147
Percorso 23,5778
Percorso 23,5163
Percorso 23,3512
Percorso 47,3263
Percorso 47,2548
Percorso 47,3826
Percorso 47,4269
Percorso 47,8711
Percorso 47,3084
Percorso 47,5767
Percorso 47,8659
Percorso 47,7335
Percorso 47,7147
Percorso 47,5269
Percorso 47,9907
Percorso 47,4269
Percorso 47,9459
Percorso 47,4269
Percorso 47,9559
Percorso 6,3320
Percorso 6,7693
Percorso 6,1678
Percorso 6,8123
Percorso 6,1809
Percorso 6,4552
Percorso 6,3826
Percorso 6,7147
Percorso 6,6825
Percorso 6,2806
Percorso 6,3084
Percorso 6,9559
Percorso 6,8123
Percorso 6,6558
Percorso 6,3826
Percorso 6,5739
Percorso 19,4807
Percorso 19,6833
Percorso 19,1158
Percorso 19,8123
Percorso 19,6558
Percorso 19,8797
Percorso 19,1809
Percorso 19,7693
Percorso 19,4269
Percorso 19,6136
Percorso 19,6833
Percorso 19,6136
Percorso 19,1441
Percorso 19,5713
Percorso 19,1158
Percorso 19,7335
Percorso 19,4192
Percorso 19,3994
Percorso 19,2548
Percorso 3,2296
Percorso 3,8711
Percorso 3,9907
Percorso 3,7929
Percorso 3,4853
Percorso 3,3320
Percorso 3,3826
Percorso 3,6558
Percorso 3,7784
Percorso 3,3512
Percorso 3,1158
Percorso 3,5739
Percorso 3,3994
Percorso 3,4192
Percorso 52,7689
Percorso 52,7409
Percorso 52,4552
Percorso 52,9755
Percorso 52,3370
Percorso 52,4047
Percorso 52,6916
Percorso 52,3512
Percorso 52,5767
Percorso 52,6642
Percorso 52,9559
Percorso 52,3320
Percorso 52,9559
Percorso 52,8659
Percorso 52,9314
Percorso 52,3826
Percorso 52,9907
Percorso 52,4552
Percorso 52,2806
Percorso 52,6136
Percorso 52,5767
Percorso 52,1255
Percorso 52,6642
Percorso 51,3320
Percorso 51,8659
Percorso 51,4853
Percorso 51,4269
Percorso 51,9314
Percorso 51,9907
Percorso 51,9755
Percorso 51,5935
Percorso 51,4552
Percorso 51,4732
Percorso 51,5767
Percorso 51,6916
Percorso 51,7409
Percorso 51,9907
Percorso 51,1809
Percorso 51,4269
Percorso 51,4732
Percorso 34,4552
Percorso 34,4552
Percorso 34,1441
Percorso 34,7191
Percorso 34,7409
Percorso 34,4047
Percorso 34,4047
Percorso 34,9577
Percorso 34,5935
Percorso 34,1678
Percorso 34,3994
Percorso 34,1441
Percorso 49,5778
Percorso 49,6558
Percorso 49,6642
Percorso 49,8123
Percorso 49,7689
Percorso 49,3320
Percorso 49,4853
Percorso 49,7784
Percorso 49,8123
Percorso 49,8711
Percorso 49,8659
Percorso 49,8123
Percorso 49,6082
Percorso 49,7929
Percorso 49,6475
Percorso 59,3512
Percorso 59,5713
Percorso 59,6642
Percorso 59,3320
Percorso 59,7693
Percorso 59,5778
Percorso 59,7147
Percorso 59,4192
Percorso 59,5778
Percorso 59,9577
Percorso 59,7147
Percorso 59,3645
Percorso 59,8711
Percorso 59,6833
Percorso 59,2548
Percorso 59,5935
Percorso 59,2548
Percorso 59,7929
Percorso 59,2010
Percorso 17,9755
Percorso 17,3645
Percorso 17,7409
Percorso 17,6558
Percorso 17,5713
Percorso 17,5713
Percorso 17,2010
Percorso 17,7929
Percorso 17,3645
Percorso 17,7929
Percorso 17,8123
Percorso 17,7929
Percorso 17,3994
Percorso 17,8123
Percorso 17,1158
Percorso 17,9459
Percorso 17,5739
Percorso 17,2806
Percorso 17,6475
Percorso 17,3512
Percorso 46,7409
Percorso 46,6475
Percorso 46,7147
Percorso 46,8659
Percorso 46,4493
Percorso 46,5767
Percorso 46,2806
Percorso 46,4807
Percorso 46,6825
Percorso 46,3994
Percorso 46,8659
Percorso 46,1441
Percorso 46,1809
Percorso 46,4269
Percorso 46,3826
Percorso 46,8797
Percorso 46,7191
Percorso 46,9559
Percorso 46,6825
Percorso 46,2806
Percorso 46,7409
Percorso 46,9314
Percorso 46,2806
Percorso 46,2806
Percorso 27,3826
Percorso 27,4269
Percorso 27,5269
Percorso 27,4493
Percorso 27,6475
Percorso 27,3645
Percorso 27,5778
Percorso 27,3826
Percorso 27,4552
Percorso 27,9314
Percorso 27,1158
Percorso 27,5739
Percorso 27,3370
Percorso 27,9314
Percorso 27,5767
Percorso 27,6558
Percorso 27,7693
Percorso 43,8797
Percorso 43,6642
Percorso 43,1255
Percorso 43,5713
Percorso 43,3084
Percorso 43,6825
Percorso 43,3994
Percorso 43,9314
Percorso 43,3512
Percorso 43,1158
Percorso 43,4853
Percorso 43,6642
Percorso 43,3084
Percorso 43,7693
Percorso 43,4493
Percorso 43,5739
Percorso 8,6558
Percorso 8,7409
Percorso 8,7409
Percorso 8,6825
Percorso 8,4917
Percorso 8,1441
Percorso 8,3263
Percorso 8,4917
Percorso 8,6825
Percorso 8,9907
Percorso 8,5163
Percorso 8,2806
Percorso 8,4493
Percorso 8,3512
Percorso 8,3370
Percorso 8,8659
Percorso 8,8123
Percorso 8,2806
Percorso 8,4732
Percorso 8,8797
Percorso 8,1678
Percorso 8,7784
Percorso 8,4732
Percorso 8,5778
Percorso 10,9314
Percorso 10,6558
Percorso 10,9907
Percorso 10,8797
Percorso 10,6642
Percorso 10,7335
Percorso 10,4732
Percorso 10,2806
Percorso 10,8797
Percorso 10,2548
Percorso 10,4853
Percorso 10,4732
Percorso 10,6136
Percorso 10,3263
Percorso 10,6082
Percorso 10,8711
Percorso 10,9755
Percorso 42,6136
Percorso 42,7335
Percorso 42,4552
Percorso 42,2296
Percorso 42,2010
Percorso 42,7147
Percorso 42,7929
Percorso 42,3645
Percorso 42,7191
Percorso 42,7693
Percorso 42,7147
Percorso 42,7409
Percorso 42,6833
Percorso 42,6475
Percorso 42,2806
Percorso 42,8797
Percorso 42,3084
Percorso 42,3320
Percorso 18,4192
Percorso 18,4047
Percorso 18,5269
Percorso 18,5163
Percorso 18,3826
Percorso 18,7191
Percorso 18,4552
Percorso 18,7335
Percorso 18,5935
Percorso 18,4192
Percorso 18,6136
Percorso 18,3645
Percorso 18,9907
Percorso 18,7693
Percorso 18,3263
Percorso 41,7784
Percorso 41,8123
Percorso 41,5713
Percorso 41,4732
Percorso 41,2010
Percorso 41,7929
Percorso 41,2010
Percorso 41,2296
Percorso 41,1441
Percorso 41,3084
Percorso 41,4732
Percorso 41,7784
Percorso 41,6082
Percorso 41,5935
Percorso 41,6475
Percorso 41,4807
Percorso 41,7689
Percorso 41,3084
Percorso 41,4732
Percorso 13,9314
Percorso 13,6916
Percorso 13,5713
Percorso 13,8659
Percorso 13,3512
Percorso 13,7689
Percorso 13,4552
Percorso 13,1809
Percorso 13,7191
Percorso 13,8659
Percorso 13,6825
Percorso 13,4047
Percorso 13,4732
Percorso 13,4552
Percorso 13,6825
Percorso 13,7147
Percorso 13,4269
Percorso 31,3645
Percorso 31,4917
Percorso 31,9907
Percorso 31,6082
Percorso 31,4493
Percorso 31,4917
Percorso 31,6833
Percorso 31,4493
Percorso 31,2806
Percorso 31,4917
Percorso 31,9577
Percorso 31,2548
Percorso 40,8711
Percorso 40,4047
Percorso 40,4552
Percorso 40,2010
Percorso 40,9559
Percorso 40,3370
Percorso 40,4853
Percorso 40,7147
Percorso 40,5163
Percorso 40,7784
Percorso 40,9459
Percorso 40,8711
Percorso 40,9459
Percorso 40,1809
Percorso 40,5269
Percorso 40,6825
Percorso 40,2296
Percorso 48,8659
Percorso 48,5935
Percorso 48,7191
Percorso 48,9907
Percorso 48,7693
Percorso 48,5935
Percorso 48,4807
Percorso 48,7147
Percorso 48,9907
Percorso 48,3826
Percorso 48,7693
Percorso 48,8659
Percorso 48,2296
Percorso 48,7191
Percorso 4,3994
Percorso 4,5935
Percorso 4,5767
Percorso 4,5767
Percorso 4,7784
Percorso 4,7689
Percorso 4,9559
Percorso 4,9755
Percorso 4,7784
Percorso 4,9755
Percorso 4,2296
Percorso 4,5713
Percorso 4,6825
Percorso 4,4552
Percorso 4,8797
Percorso 4,3994
Percorso 4,7191
Percorso 4,3826
Percorso 4,3645
Percorso 20,3645
Percorso 20,2548
Percorso 20,3512
Percorso 20,9907
Percorso 20,3320
Percorso 20,6558
Percorso 20,2010
Percorso 20,4552
Percorso 20,4269
Percorso 20,9577
Percorso 20,2296
Percorso 20,3994
Percorso 20,5767
Percorso 20,4917
Percorso 20,9459
Percorso 20,8797
Percorso 20,7147
Percorso 20,6833
Percorso 20,4552
Percorso 20,5778
Percorso 20,4047
Percorso 20,6558
Percorso 20,3512
Percorso 20,7335
Percorso 12,6833
Percorso 12,3370
Percorso 12,8797
Percorso 12,4192
Percorso 12,5935
Percorso 12,9577
Percorso 12,3263
Percorso 12,1441
Percorso 12,8123
Percorso 12,6082
Percorso 12,4917
Percorso 12,3263
Percorso 12,5767
Percorso 12,8797
Percorso 12,1441
Percorso 12,3512
Percorso 12,6642
Percorso 12,2548
Percorso 12,4047
Percorso 12,1158
Percorso 12,7929
Percorso 30,6475
Percorso 30,6558
Percorso 30,5778
Percorso 30,8711
Percorso 30,3645
Percorso 30,5767
Percorso 30,8797
Percorso 30,7693
Percorso 30,7693
Percorso 30,2296
Percorso 30,1678
Percorso 30,4192
Percorso 30,4192
Percorso 30,9577
Percorso 30,9459
Percorso 30,6136
Percorso 30,3370
Percorso 30,7929
Percorso 30,6136
Percorso 30,4192
Percorso 58,8711
Percorso 58,7191
Percorso 58,4552
Percorso 58,4853
Percorso 58,3512
Percorso 58,6082
Percorso 58,6833
Percorso 58,5739
Percorso 58,1255
Percorso 58,9577
Percorso 58,3370
Percorso 58,3512
Percorso 58,3512
Percorso 58,9907
Percorso 58,5778
Percorso 58,8797
Percorso 58,7147
Percorso 58,8711
Percorso 58,1255
Percorso 58,9459
Percorso 5,2010
Percorso 5,7693
Percorso 5,6825
Percorso 5,7693
Percorso 5,1158
Percorso 5,7929
Percorso 5,5739
Percorso 5,4192
Percorso 5,4853
Percorso 5,1809
Percorso 5,3512
Percorso 5,4493
Percorso 5,3320
Percorso 5,3512
Percorso 14,1255
Percorso 14,1809
Percorso 14,6558
Percorso 14,7335
Percorso 14,7335
Percorso 14,8659
Percorso 14,5739
Percorso 14,7409
Percorso 14,7147
Percorso 14,9907
Percorso 14,8711
Percorso 14,4047
Percorso 14,5935
Percorso 14,1441
Percorso 14,2296
Percorso 14,5713
Percorso 14,6475
Percorso 14,6082
Percorso 14,5739
Percorso 11,7689
Percorso 11,4192
Percorso 11,2296
Percorso 11,4732
Percorso 11,7784
Percorso 11,5778
Percorso 11,3826
Percorso 11,5767
Percorso 11,7929
Percorso 11,5163
Percorso 11,6082
Percorso 11,7335
Percorso 11,8123
Percorso 11,4732
Percorso 11,8711
Percorso 11,4047
Percorso 11,4853
Percorso 11,5935
Percorso 11,4853
Percorso 11,5713
Percorso 11,1255
Percorso 11,4917
Percorso 54,3645
Percorso 54,5767
Percorso 54,4853
Percorso 54,5163
Percorso 54,3263
Percorso 54,1678
Percorso 54,2806
Percorso 54,5269
Percorso 54,6475
Percorso 54,9907
Percorso 54,6136
Percorso 54,6642
Percorso 54,1809
Percorso 54,2296
Percorso 54,1678
Percorso 38,6833
Percorso 38,4853
Percorso 38,7409
Percorso 38,7147
Percorso 38,4917
Percorso 38,7335
Percorso 38,3512
Percorso 38,2806
Percorso 38,2296
Percorso 38,6916
Percorso 38,1158
Percorso 38,1158
Percorso 38,5778
Percorso 38,7929
Percorso 38,8797
Percorso 56,3263
Percorso 56,1158
Percorso 56,3512
Percorso 56,9755
Percorso 56,5767
Percorso 56,8711
Percorso 56,4269
Percorso 56,3084
Percorso 56,4047
Percorso 56,5163
Percorso 56,5739
Percorso 56,8659
Percorso 56,3826
Percorso 56,9314
Percorso 56,4807
Percorso 56,5778
Percorso 56,8797
Percorso 56,6558
Percorso 56,4732
Percorso 56,7784
Percorso 56,9577
Percorso 56,3826
Percorso 56,3263
Percorso 7,8123
Percorso 7,7929
Percorso 7,2010
Percorso 7,4192
Percorso 7,1809
Percorso 7,9459
Percorso 7,7335
Percorso 7,5713
Percorso 7,8797
Percorso 7,2548
Percorso 7,5269
Percorso 7,6916
Percorso 7,9577
Percorso 16,2296
Percorso 16,6833
Percorso 16,3370
Percorso 16,5739
Percorso 16,1441
Percorso 16,6082
Percorso 16,4807
Percorso 16,7147
Percorso 16,7335
Percorso 16,8711
Percorso 16,6642
Percorso 16,5713
Percorso 16,3994
Percorso 16,1809
Percorso 16,7784
Percorso 45,7693
Percorso 45,3370
Percorso 45,3263
Percorso 45,5739
Percorso 45,4853
Percorso 45,2806
Percorso 45,1678
Percorso 45,8659
Percorso 45,6916
Percorso 45,7689
Percorso 45,9459
Percorso 45,4493
Percorso 45,3320
Percorso 45,8659
Percorso 45,9577
Percorso 45,8659
Percorso 45,1678
Percorso 45,8123
Percorso 45,8123
Percorso 45,7335
Percorso 45,3994
Percorso 45,4807
Percorso 45,7784
Percorso 45,3320
Percorso 53,9755
Percorso 53,3370
Percorso 53,3084
Percorso 53,6825
Percorso 53,3826
Percorso 53,2548
Percorso 53,4493
Percorso 53,9755
Percorso 53,9314
Percorso 53,6558
Percorso 53,6825
Percorso 53,4493
Percorso 53,3512
Percorso 53,9314
Percorso 25,7689
Percorso 25,5713
Percorso 25,8659
Percorso 25,7693
Percorso 25,9907
Percorso 25,2296
Percorso 25,6642
Percorso 25,4853
Percorso 25,9577
Percorso 25,5713
Percorso 25,9907
Percorso 25,8797
Percorso 25,4552
Percorso 25,4192
Percorso 25,4853
Percorso 25,5935
Percorso 25,9577
Percorso 25,9577
Percorso 25,1809
Percorso 25,3320
Percorso 25,7693
Percorso 25,6916
Percorso 26,4269
Percorso 26,6136
Percorso 26,3263
Percorso 26,4047
Percorso 26,9459
Percorso 26,5739
Percorso 26,7335
Percorso 26,3370
Percorso 26,6642
Percorso 26,5935
Percorso 26,4552
Percorso 26,2010
Percorso 26,3645
Percorso 26,4047
