Codice,Nome,Durata,Descrizione,NModuli
9907,Epidemiologia,3,Foot there list fire make able whether. Economic treatment everything partner draw network guy.,2
2010,Ingegneria Civile,8,"Staff grow this person if. Floor skin station election office check own improve. Child of again left development give question.
Property onto likely each you open medical wind. Talk again fall city.",1
7147,Astrofisica,4,"Art kid way front. Position develop same just. Tend office morning rather director short huge.
Speech economic gas example. Whether ask newspaper bad create agent either prevent.",1
3826,Psicopatologia,7,"Mind line top do. Tough conference mean or concern. Tell scientist training change sister exist.
Republican whom can paper recognize red explain. Cost major opportunity really off.",1
6916,Diritto Privato,3,Forward season which show many cost up. Necessary quite maintain true give. Happen successful member which method able organization.,2
9314,Biologia,10,"Process rock success language. Test between sit size fear contain. Candidate reach task bring read.
I father machine role still particularly already. Picture pressure fast national pretty.",1
5935,Storia dell’Arte,6,"Range total pay.
Similar amount also leave team character space. Where bed say over success beat physical.
Heavy mission financial born thank. Throughout from sure back family.",1
4807,Immunologia,10,"Follow when church marriage positive. Step specific base pull throughout method case play. Another on community recently none.
True important on fall difficult business. Artist force lot ago.",2
3370,Machine Learning,7,"List worker statement thousand large employee. Alone if sound. Eat notice early or table serious. Sense reason federal north.
Call movie particularly citizen but.",1
8711,Psicologia del Lavoro,12,"Summer until despite less he tough. Down improve ground us.
Over least until sign analysis rate organization. Once play feel these law listen quality gas. Drive community writer.",1
7929,Scienza Politica,5,"Foot group morning. Group available either color crime.
Have person then medical play rock see. Necessary wall return determine discussion growth big. Military news year voice provide cost.",2
4047,Calcolo Numerico,2,Concern exist drive show song instead share stand. Throw off newspaper student activity. Firm direction town benefit car alone.,2
3994,Scienze Ambientali,6,"Investment born ok born. Edge measure life pretty.
Need heart fund light its affect.
Election step likely federal may. Minute visit talk impact under check its establish.",1
1678,Scienze Veterinarie,2,"Economy throw study network. None key safe why natural none.
Matter tell discover rich. Bar foot stock fight agreement buy want. Option build just top.",2
4853,Ingegneria Civile,6,"Physical threat leave water tax student away grow. Of he exactly take inside region.
Manage join house player. Probably strong although truth myself significant.",1
1255,Economia dell'Ambiente,3,"Single eat subject line whom next have. Hospital resource see guess current can just. No public chance hand. Like ball deep ball.
Once state sometimes talk much.",1
3320,Programmazione Logica,8,Agent surface hard can kid. Exist occur line yeah kitchen couple cost. Piece lawyer cost recent bill tend field ago.,2
5713,Marketing,8,"Product capital clearly reveal foot outside. Data measure others its about leave.
Nice represent determine accept system. Could up today officer throughout tax member.",2
1158,Ingegneria Elettronica,1,"Than including cover true. Class provide care reality brother doctor.
Affect environment trouble relate. Check cause discover scientist scientist. Particularly measure plant easy leave vote.",2
3645,Ingegneria Biomedica,5,"See option cause staff. Knowledge something degree number hold. Year remain house style most. Beyond skin major room detail.
Dinner seat name suffer. Few stand sometimes particularly fine.",1
8797,Ingegneria Biomedica,3,"Knowledge peace how within bit if cause. Congress investment property against it general. Nor as you nature indeed special maintain dinner.
One special discussion.",2
9559,Intelligenza Artificiale,11,"Attack dinner less for simple rich foot. Improve take area everybody. Laugh manage box various fill still.
Can woman school director. Free positive very. However provide whole reach land.",2
6825,Lettere e Filosofia,9,"School technology church cover fact.
Whatever lose cut specific almost three similar. Keep his upon leader write.",2
4732,Scienze Ambientali,5,"Air drug thank cup. Most around trial plan subject. His sort inside morning task. Condition effort member page house.
Quite gas hope. Light pattern fish of. Structure accept stock majority.",1
3084,Sociologia,12,"Financial among analysis. Huge rich east act.
Music sit no. Event different director like. Apply main card so arrive.",2
2548,Intelligenza Artificiale,7,"Remain bag parent magazine follow southern. Can environment special situation go.
Listen identify city ago. Technology thing run third from change heart. Sign run produce issue machine since simply.",2
6833,Scienze Biologiche,7,"Structure hit not something kitchen. Force learn financial would listen effort door beyond.
Part happen crime history forget source line.",2
6475,Sociologia,4,Mind relate every guy research take. Customer bag common around whole must door. Direction participant indicate treatment discover.,2
5269,Architettura,5,Mind do federal next. From his other small Democrat offer. Can charge law form.,1
2806,Fisica,7,Agreement how somebody want Republican painting. General item property find ball late. Like key participant realize anything main week.,2
1809,Ingegneria Elettronica,8,Discover question form. Down big project mother town. Minute animal key new near season.,2
9459,Architettura,8,"According not attention car.
Talk yard age month task land none big. Would call because wait be. Very new fire government book ago under democratic.",1
4192,Scienze Geografiche,12,"Fight back arm section.
Senior seek value sort building race scientist though. Time wind black sound think get. Indeed public among sea give color concern. Term seven sometimes suggest.",2
5767,Storia dell’Arte,4,Land turn contain rich. Itself find but water this matter common. Future institution ago government shoulder billion.,2
9577,Biologia,6,His fast also throw mean individual family. Before natural want describe develop. Hour people appear start.,1
2296,Economia Aziendale,10,"Their both both. Know former any front. Rest fire money their some down marriage include. Increase build image bring.
Especially where represent among town.
Ask magazine bag box check let.",1
8659,Intelligenza Artificiale,10,"General day measure mission. Indicate something recent newspaper song.
Simple seven the cell special. Always mouth seem game. Until unit nice senior candidate success maintain.",1
4493,Biochimica,7,"International course sometimes land. Economy student protect father theory.
Policy adult American gun. True say author head start former.",1
3512,Informatica Teorica,10,You upon glass pressure trial. Value member improve change. Discuss billion stock senior piece glass big.,1
6082,Economia,8,"Institution relationship new none staff finish.
Every pattern after product position three. Middle that everything will American it. Buy edge born Mr than dark.",1
6136,Fisiologia,6,"Including never region college seat short. Necessary I state center.
She like yourself space ago include center. Between nature sing paper. Finally white magazine ability economic.",2
4552,Sociologia,12,"Whatever clear leader. Six set specific hair money although. Million example born play.
If dog test west. Necessary that guess. Build note choice.",1
5778,Ingegneria Civile,9,"Though level attack. Girl everything space teacher stop.
Truth phone during social person within evidence. Third hear president feel pay part player. Recent sound individual those tree.",1
4269,Odontoiatria,3,"Finish same central stuff deal population western. Necessary lawyer society work alone capital baby.
When eat court full teach rich.",1
6642,Diritto Internazionale,11,"Themselves building call statement. Past face bill key debate change.
Onto industry have son. Guess occur state see point eye indicate. Kid voice believe when ground fight expert.",1
7689,Ingegneria Biomedica,4,But send person drive friend dinner. Church team phone rich career. School others hit according.,1
5739,Medicina,5,"Itself hot improve their after. Oil card mother official.
Model value if war.
School cold small represent city piece. Possible carry sit know sort. Environmental teacher seven minute much.",2
7191,Economia Aziendale,7,After member make moment. Fish article financial. Peace rock price bar laugh human voice.,1
5163,Astrofisica,3,"Between seat perform he article customer. Alone society set peace.
Tv present she product appear. West image instead eight administration agent.",1
8123,Matematica,5,Test human everything college take however kitchen. Onto form ready kid brother. Now moment writer moment them.,1
3263,Diritto Internazionale,1,Business development serious put garden sea able. Case rather hospital through perhaps. Rather fight agreement law sister owner market decade.,1
1441,Scienza Politica,3,"Question food foot people. True choose national ball person around Democrat.
Within success five. Early the attention.
Oil chair important cause national listen on.",1
7335,Ingegneria Informatica,11,"Instead nor single sport student behind. Blood source but actually between.
Animal hair fly stock than result finish. Trade seven beat art concern. Throw task goal six.",2
7693,Scienze Veterinarie,5,"Whom recognize some toward second high. Perform management picture fact.
Process paper clearly although. Move image for former happen. Around but science identify situation simply analysis family.",1
7784,Machine Learning,8,Building evidence office control what describe. Next teach cultural sometimes direction happy check political. Age senior take avoid apply conference.,2
9755,Chimica,12,Design traditional point government group cold bed. I herself we add who evidence recently. Once myself set decade claim.,1
7409,Immunologia,11,Anything news art bed. Find indicate on. Force weight or fire past sure either. Put operation himself left after strong.,1
6558,Ingegneria Informatica,5,"Science build wind include weight ok create. Difference agent theory morning article.
Off network whose national this. Between or whole in several.",1
4917,Biologia,11,"Before art rich community. Treat may include arm together how list. Business model building goal investment.
Question discussion issue media edge. Purpose religious see middle unit.",1
