Matricola,Nome,Indirizzo,AnnoImmatricolazione,Status,NomeOrientamento
397024,Angelica,"6860 Price Centers Suite 937, Lake Joe, SD 78169",2012,Inattivo,Orientamento in Design del Prodotto
596776,Bryce,"1163 Robert Valley, East Aprilhaven, GU 07868",2016,Attivo,Orientamento in Ingegneria dei Trasporti
803404,Charles,"875 Reginald Route Apt. 131, New Brandichester, PA 56276",2015,Inattivo,Orientamento in Design del Prodotto
557927,Mary,"52172 Hickman Cliff, New Derekside, AS 16962",2019,Inattivo,Orientamento in Logistica e Supply Chain Management
947696,Richard,"0985 Catherine Courts Suite 559, North Melissa, WI 63419",2017,Attivo,Orientamento in Logistica e Supply Chain Management
788742,Matthew,"930 Tonya Islands Apt. 405, West Anthonyborough, SC 09149",2016,Inattivo,Orientamento in Psicologia Cognitiva Applicata
628974,Richard,"6090 Jordan Route, Lake Heather, HI 39475",2017,Sospeso,Orientamento in Filosofia Applicata
392093,Jessica,"6610 Reginald Shoals, East Josehaven, DC 41994",2023,Attivo,Orientamento in Intelligenza Artificiale per la Salute
741484,Laura,"61100 Schmitt Pine, Kathleenview, AZ 81222",2017,Inattivo,Orientamento in Design del Prodotto
370714,Angela,"97513 Brian Divide, Scottberg, GA 40559",2011,Attivo,Orientamento in Ingegneria dei Trasporti
797265,Gregory,"2917 Kathleen Shore, North Madison, FL 89809",2012,Attivo,Orientamento in Design Industriale
824433,Brian,"5378 Stevens Rest, Baileyville, WA 81856",2015,Attivo,Orientamento in Intelligenza Artificiale per la Salute
802017,Brian,"287 Veronica Views, Markborough, IL 58363",2023,Attivo,Orientamento in Scienze della Comunicazione Politica
197060,Jennifer,"8948 Andrew Expressway, Lake Tammyview, MN 80401",2013,Sospeso,Orientamento in Ingegneria Biomedica
637083,William,"Unit 7838 Box 7177, DPO AP 39586",2015,Sospeso,Orientamento in Robotica
543181,Mckenzie,"15073 Morrison Plaza Apt. 637, Rosalesville, KY 26553",2021,Attivo,Orientamento in Medicina
948868,Dylan,"797 Brandon Ridges Suite 283, East Michael, NV 98789",2018,Attivo,Orientamento in Ingegneria Civile
127238,Jon,"4419 Albert Trafficway, West Briannatown, LA 95555",2014,Sospeso,Orientamento in Scienze Geologiche Applicate
997728,Arthur,"259 Gregory Mount Suite 925, Curryhaven, WI 92480",2015,Sospeso,Orientamento in Scienze della Cultura Digitale
717685,Amanda,"5785 Love Manors, Zhangfort, NY 91180",2015,Attivo,Orientamento in Robotica
203980,Alicia,"8382 Brian Green, Hudsonfurt, SC 23606",2022,Sospeso,Orientamento in Filosofia Applicata
772314,Lauren,"73094 Megan Shore Apt. 283, North Rebekahtown, CT 61672",2011,Sospeso,Orientamento in Scienze della Comunicazione Politica
922655,Melissa,"9635 Brenda Lane Apt. 366, Murrayland, NM 61898",2019,Inattivo,Orientamento in Psicologia Cognitiva Applicata
708484,Ellen,"1024 Reeves Orchard Suite 129, Susanland, LA 93683",2014,Attivo,Orientamento in Marketing e Social Media
671741,Michele,"472 Roger Crescent Apt. 407, Sarahfort, FM 18240",2017,Sospeso,Orientamento in Scienze della Nutrizione
547488,Lauren,"994 Lopez Lodge, Stephaniefort, AZ 66055",2010,Inattivo,Orientamento in Astrofisica
272715,Daniel,"018 Morris Ways, Jacksonburgh, WV 48157",2015,Attivo,Orientamento in Scienze dei Materiali
702975,Jennifer,"404 Susan Vista, West Jonathanmouth, IL 02013",2019,Attivo,Orientamento in Neuroinformatica
686240,Jeanette,"701 Flowers Valley, Lake Robinfurt, LA 97038",2020,Inattivo,Orientamento in Filosofia Applicata
585821,Mark,"11660 Stephanie Drive Apt. 509, Hoganfort, MH 99046",2016,Attivo,Orientamento in Psicologia Cognitiva Applicata
182154,Joseph,"12343 Bond Manor Suite 274, South Shelleystad, GU 28988",2019,Inattivo,Orientamento in Biochimica
899108,Louis,"81386 Grant Falls, East Kayla, IL 05018",2016,Attivo,Orientamento in Economia e Finanza
354827,Tara,"07825 Dana Estates Suite 418, East Elizabeth, NJ 87588",2011,Sospeso,Orientamento in Robotica
359799,Jeffrey,"1025 Lopez Gateway, East Dominic, RI 50956",2016,Inattivo,Orientamento in Intelligenza Artificiale per la Salute
288417,Patricia,"081 Collins Shoal Suite 757, South Emilyhaven, MH 49735",2021,Inattivo,Orientamento in Biotecnologie
831598,Jessica,"631 Pope Points Suite 059, New Shelby, IN 68001",2017,Inattivo,Orientamento in Marketing e Social Media
249499,Amanda,"9885 Whitehead Throughway, Sierramouth, DC 42226",2010,Inattivo,Orientamento in Ingegneria Elettrica
919873,Rebecca,"244 Susan Forges, South Susanshire, MI 23687",2014,Inattivo,Orientamento in Linguistica Computazionale
963915,James,"76469 John Roads Apt. 114, East Erin, MI 97531",2014,Inattivo,Orientamento in Psicologia Cognitiva Applicata
521192,James,"17809 Martinez Center Suite 870, Christopherbury, CT 43967",2015,Attivo,Orientamento in Design del Prodotto
913208,Austin,"8529 Randy Course, Dunlapton, OK 29998",2019,Inattivo,Orientamento in Scienze della Comunicazione Interculturale
162488,Brandon,"3892 Nicholas Locks Suite 043, Deannahaven, NE 73324",2023,Attivo,Orientamento in Psicologia Clinica
332198,Geoffrey,"33278 Jill Stream, Port Jessica, NH 69631",2020,Inattivo,Orientamento in Design del Prodotto
998665,Patricia,"1096 Robbins Ferry, Port Cheryl, DC 99195",2015,Attivo,Orientamento in Filosofia del Linguaggio
263681,Julie,"USNS Bennett, FPO AA 20417",2020,Sospeso,Orientamento in Ingegneria dei Trasporti
530653,Yvette,"2098 Dennis Valley, Lake Shelbyberg, MI 46438",2022,Inattivo,Orientamento in Scienze della Nutrizione
580539,Brandon,"5365 Allen Land, Rogerview, VI 62955",2013,Inattivo,Orientamento in Ingegneria Elettrica
841643,Autumn,"31611 Adams Drives Suite 232, South Rebecca, WI 50554",2015,Inattivo,Orientamento in Biologia Marina
473892,William,"5729 Vasquez Gardens, Hineston, MS 92998",2012,Inattivo,Orientamento in Biologia Marina
446205,Brad,"4656 Adams Ranch Suite 618, East Michaelmouth, MS 20083",2019,Inattivo,Orientamento in Filologia Moderna
330483,Ricardo,"25043 Mccormick Island, Murphyville, WA 72597",2012,Sospeso,Orientamento in Scienze della Comunicazione Politica
455502,Vanessa,"5920 Patrick Street, Brianview, AK 51850",2016,Attivo,Orientamento in Data Visualization
783977,Isaac,"358 Barajas Village, Mitchellbury, ND 90383",2019,Attivo,Orientamento in Scienze Politiche Comparate
150589,Lisa,"02830 Katelyn Manor Apt. 544, Hernandezborough, NY 35608",2016,Sospeso,Orientamento in Cyber Security
702498,Sarah,"99859 Kim Extensions Apt. 178, Davidhaven, AZ 86951",2016,Inattivo,Orientamento in Scienze Politiche Comparate
529906,Spencer,"USS Jones, FPO AE 96301",2014,Inattivo,Orientamento in Neuroinformatica
304403,Dawn,"3620 Maxwell Pike, New Andrewshire, GU 33518",2021,Attivo,Orientamento in Marketing Digitale
299569,Cynthia,"PSC 2435, Box 8350, APO AE 73342",2024,Sospeso,Orientamento in Data Visualization
807493,Michael,"359 Wright Mountain Apt. 136, South Brandon, NJ 67681",2019,Attivo,Orientamento in Biotecnologie
706632,Anthony,"7305 Rodriguez Burgs Suite 954, Lake Richardburgh, VT 04162",2016,Sospeso,Orientamento in Filosofia Contemporanea
977227,Mark,"Unit 8427 Box 6019, DPO AA 30097",2022,Attivo,Orientamento in Biochimica
650957,Sarah,"2894 Brown Cliffs, West Coryburgh, MD 69450",2023,Attivo,Orientamento in Astrofisica
203373,Elizabeth,"537 Lauren Square Apt. 147, Port Joshuaview, SC 61125",2013,Sospeso,Orientamento in Scienze Geologiche Applicate
101905,Victoria,"2747 Kelly Parks, New Shannonmouth, NV 99445",2012,Sospeso,Orientamento in Architettura Sostenibile
339858,David,"1406 Morris Brook Suite 331, Colemanmouth, DC 21195",2012,Attivo,Orientamento in Scienze Economiche
631521,Curtis,"2494 Jones Views Suite 565, Rodriguezmouth, HI 17726",2011,Inattivo,Orientamento in Filologia Moderna
478132,Christopher,"57218 Sarah Cliff, Englishburgh, AR 18856",2023,Attivo,Orientamento in Biochimica
186722,Rachel,"4008 Tracy Forest Suite 791, West Wandaport, PA 73134",2024,Attivo,Orientamento in Filosofia Contemporanea
439909,Katherine,"504 Natasha Pass, West Tracey, MP 25314",2024,Sospeso,Orientamento in Marketing e Social Media
294582,Sara,"373 Aaron Cape Suite 111, Port Marie, WV 84027",2016,Sospeso,Orientamento in Grafica 3D
186397,Sarah,"1685 Rangel Manors Suite 580, Port Mariaview, MO 43037",2017,Inattivo,Orientamento in Logistica e Supply Chain Management
448169,Sean,"667 Emily Overpass Apt. 688, Judithview, VI 72056",2012,Attivo,Orientamento in Data Science
986035,Rita,"15781 Alvarez Overpass, Wesleyberg, FL 39372",2018,Sospeso,Orientamento in Robotica
612628,Anthony,"012 Heath Fork, East Eric, GU 65250",2020,Inattivo,Orientamento in Grafica 3D
433520,Donna,"Unit 3596 Box 3556, DPO AP 04475",2018,Inattivo,Orientamento in Marketing Digitale
845622,Christopher,"99602 Hinton Gardens, Kaylaside, FL 78768",2011,Inattivo,Orientamento in Intelligenza Artificiale per la Salute
587319,Jacob,"766 Nicholas Drives, East Melissamouth, CA 39638",2018,Sospeso,Orientamento in Scienze della Cultura Digitale
754031,William,"032 Bell Harbor, Lake Debrafurt, MN 27952",2011,Sospeso,Orientamento in Diritto Internazionale
266509,Fernando,"PSC 6948, Box 4048, APO AP 41248",2024,Attivo,Orientamento in Biotecnologie
128936,Robert,"828 Gay Flats, Shaneville, IN 54478",2013,Sospeso,Orientamento in Ingegneria dei Trasporti
580280,Paul,"79284 Perry Corner, West Douglasmouth, NE 25214",2014,Inattivo,Orientamento in Grafica 3D
728121,Raymond,"313 Johnson Lock, North Coreystad, NY 78017",2011,Attivo,Orientamento in Linguistica Computazionale
980021,Matthew,"05509 Carlos Square, North Peterfort, SD 08739",2014,Inattivo,Orientamento in Data Visualization
186282,Erin,"503 Deborah Creek Apt. 080, Lake Christine, WV 42518",2014,Sospeso,Orientamento in Ingegneria Civile
722720,Valerie,"804 Deborah Pine Suite 452, Lindashire, CO 61440",2019,Attivo,Orientamento in Scienze Politiche Comparate
624739,Jeffrey,"1121 Bradley Well Apt. 249, Anthonytown, OK 65586",2020,Sospeso,Orientamento in Medicina
357766,Joseph,"517 Raymond Gardens, Snyderbury, DE 33033",2020,Attivo,Orientamento in Psicologia Cognitiva Applicata
817122,Paul,"613 Howard Harbor, Zacharyfurt, ME 48202",2024,Attivo,Orientamento in Ingegneria Civile
623237,Alicia,"297 Ward Villages, Jeremytown, WA 75538",2017,Sospeso,Orientamento in Robotica
816049,Stephen,"883 Felicia Fall, North Katelynmouth, IL 25330",2015,Sospeso,Orientamento in Linguistica Computazionale
691002,Lorraine,"499 Maldonado Tunnel Apt. 855, Jacobsberg, RI 30041",2012,Sospeso,Orientamento in Scienze della Comunicazione Interculturale
319877,Benjamin,"70354 Brown Parkways, Katrinahaven, VT 10969",2023,Sospeso,Orientamento in Economia e Finanza
193885,Mark,"57966 Allison Turnpike Suite 008, Edgarbury, PW 38997",2010,Attivo,Orientamento in Pedagogia Sperimentale
651981,Michael,"747 Delgado Unions Apt. 147, North Jennifermouth, FM 24959",2011,Attivo,Orientamento in Logistica e Supply Chain Management
424677,Jennifer,"82371 Andrade Harbors Suite 378, Hernandezburgh, TX 22211",2024,Sospeso,Orientamento in Filologia Moderna
168226,Megan,"871 Lisa Dale Apt. 364, Lake Nancy, GU 31255",2024,Sospeso,Orientamento in Intelligenza Artificiale per la Salute
475573,Samantha,"68160 Mary Estates Apt. 959, Port Morgan, PW 59051",2011,Inattivo,Orientamento in Data Science
828215,Melissa,"PSC 2600, Box 9231, APO AA 65722",2018,Attivo,Orientamento in Scienze della Cultura Digitale
517691,Cody,"2269 Scott Views, East Anna, IN 02896",2014,Inattivo,Orientamento in Grafica 3D
509566,Andrew,"92671 Garrett Via, Tammyport, MT 89651",2024,Attivo,Orientamento in Logistica e Supply Chain Management
523093,Amy,"1455 Sherry Street Suite 763, East Brandon, AL 55938",2023,Attivo,Orientamento in Filosofia del Linguaggio
797541,Jessica,"322 Matthew Drive Suite 527, Lake Tina, PA 19858",2023,Sospeso,Orientamento in Logistica e Supply Chain Management
532295,Nathaniel,"8990 Rodney Hill, Batesbury, LA 00738",2022,Inattivo,Orientamento in Neuroinformatica
120477,Brian,"824 Torres Mall Suite 677, Janetville, MA 01376",2013,Attivo,Orientamento in Grafica Pubblicitaria
801268,Arthur,"2094 Todd Pine Apt. 937, Anthonyberg, OK 95913",2015,Attivo,Orientamento in Filosofia Applicata
817803,Joseph,"0793 Paul Bypass Suite 809, Karenville, NJ 38234",2010,Sospeso,Orientamento in Grafica Pubblicitaria
478945,Samantha,"2561 Michele Turnpike Suite 377, Douglasburgh, NH 90519",2020,Inattivo,Orientamento in Filosofia Applicata
421268,Amy,"0554 Mark Course, Port Thomas, VA 01804",2024,Sospeso,Orientamento in Scienze della Formazione Digitale
729953,Henry,"225 Jacob Creek Apt. 354, Brittneyhaven, SD 40587",2016,Attivo,Orientamento in Ingegneria dei Trasporti
431499,Chad,"1590 Jade Mountains Apt. 873, Susanshire, MO 21486",2014,Inattivo,Orientamento in Scienze della Cultura Digitale
995651,Shannon,"53540 Steven Rest, New Darrenbury, MT 00551",2014,Attivo,Orientamento in Ingegneria del Software
617815,Gregory,"817 William Falls Suite 827, East Tricia, TN 20377",2019,Attivo,Orientamento in Biochimica
667739,Kimberly,"7704 Charles Mall, Lake Sandrahaven, UT 06429",2020,Inattivo,Orientamento in Ingegneria Elettrica
309935,Robert,"14255 Jeffrey Valley, Dunnborough, MT 60743",2018,Sospeso,Orientamento in Biologia Marina
431400,Ryan,"05857 Henderson Causeway Suite 495, Gabrielleport, PR 52430",2024,Attivo,Orientamento in Design del Prodotto
329353,Sarah,"34703 Andrew Causeway, Donnamouth, FL 25455",2010,Inattivo,Orientamento in Astrofisica
678626,Colin,"8302 David Highway Apt. 873, South Lisaland, MI 02308",2012,Sospeso,Orientamento in Architettura Sostenibile
480103,Joann,"PSC 1803, Box 8585, APO AE 53532",2010,Attivo,Orientamento in Astrofisica
881577,Jonathan,"24625 Joshua Course, Gutierrezchester, MS 12741",2016,Sospeso,Orientamento in Design Industriale
751988,Danielle,"USCGC Orozco, FPO AE 93188",2016,Attivo,Orientamento in Pedagogia Sperimentale
216267,Matthew,"03736 Matthew Roads, Morrischester, IN 57308",2018,Inattivo,Orientamento in Scienze della Comunicazione Politica
301443,Zachary,"1024 Cunningham Points Apt. 480, Rowemouth, MA 43574",2024,Sospeso,Orientamento in Design del Prodotto
143522,Ashley,"541 Kelly Keys Suite 174, East Anthony, UT 66615",2011,Sospeso,Orientamento in Neuroinformatica
262982,Albert,"0947 Freeman Underpass Apt. 923, West Ronald, NM 48324",2024,Attivo,Orientamento in Biotecnologie
170411,Wendy,"11217 Harvey Springs Suite 849, North Joseph, RI 78381",2024,Inattivo,Orientamento in Data Science
251884,Rebecca,"181 Cindy Club, Hannahtown, PR 77173",2019,Attivo,Orientamento in Scienze Sociali per la Globalizzazione
294877,Carlos,"19471 Kelsey Lock, Jenniferfurt, OH 10282",2016,Attivo,Orientamento in Astrofisica
531886,Patricia,"2509 Christopher Plaza, Blairtown, NJ 49970",2012,Attivo,Orientamento in Ingegneria Elettrica
715245,Christopher,"546 Rhodes Parkway, Pamelaville, UT 46650",2011,Inattivo,Orientamento in Grafica 3D
750269,Michael,"PSC 4119, Box 4163, APO AP 22813",2016,Sospeso,Orientamento in Architettura Sostenibile
800351,Brittany,"3969 Jennifer Street, East Lori, ME 99654",2013,Sospeso,Orientamento in Scienze della Comunicazione Politica
358428,Marissa,"9907 Cruz Causeway Apt. 376, Bakerborough, AL 55550",2015,Attivo,Orientamento in Data Science
167612,Whitney,"9291 Gomez Forks Apt. 950, Brandonton, RI 35919",2015,Inattivo,Orientamento in Scienze Politiche Comparate
158541,Crystal,"85004 Robin Ramp, South Sarahchester, PA 28191",2013,Inattivo,Orientamento in Didattica per l’Inclusione
428366,Craig,"706 Desiree Valley Suite 984, Hollyland, PA 59181",2010,Attivo,Orientamento in Scienze dei Materiali
457020,Brian,"235 Michael Alley, Katherineton, OK 57440",2022,Inattivo,Orientamento in Ingegneria Biomedica
512334,Allen,"USNV Holt, FPO AP 71852",2022,Sospeso,Orientamento in Design Industriale
683468,Amanda,"1394 David Squares, East Huntermouth, IL 30516",2019,Attivo,Orientamento in Design del Prodotto
605077,Robert,"PSC 0163, Box 0630, APO AP 97218",2011,Sospeso,Orientamento in Economia Internazionale
496135,Margaret,"900 Terry Crescent, Ryanburgh, CT 36174",2012,Attivo,Orientamento in Biologia Marina
240620,Michael,"7929 Gonzales Hollow, South Carla, MI 28289",2011,Inattivo,Orientamento in Design del Prodotto
477475,Kimberly,"9051 Michelle Mission Suite 201, North Christopher, MH 36547",2016,Sospeso,Orientamento in Marketing Digitale
697917,Laura,"841 Gilbert Rest Apt. 934, Andrewsbury, TX 56194",2023,Sospeso,Orientamento in Data Visualization
486410,Amanda,"6813 Lawrence Mount Apt. 114, West Tyler, FL 35595",2019,Attivo,Orientamento in Scienze della Formazione Digitale
515186,James,"91221 Black Ways, Port Lisa, WA 91246",2013,Sospeso,Orientamento in Pedagogia Sperimentale
754177,Jeff,"31303 Miller Inlet Suite 316, South Sarah, ID 75155",2014,Inattivo,Orientamento in Filosofia del Linguaggio
797077,Amanda,"8608 Holmes Plain Apt. 277, Hendersonbury, WA 91267",2014,Sospeso,Orientamento in Biostatistica
929025,Raymond,"87511 Nicole Prairie Suite 095, New Joseph, OH 58437",2019,Inattivo,Orientamento in Scienze Sociali per la Globalizzazione
144618,Steven,"87891 Willie Stream, South Michellefurt, IL 43209",2019,Sospeso,Orientamento in Diritto Internazionale
625766,Lori,"016 Max Islands Apt. 515, Perezside, AR 34174",2015,Attivo,Orientamento in Economia Aziendale
508529,Christina,"63018 Brenda Manor Apt. 814, Kevinton, WI 94214",2013,Attivo,Orientamento in Logistica e Supply Chain Management
800469,Angelica,"390 Young Court Suite 181, East Kathy, KS 58293",2019,Attivo,Orientamento in Data Visualization
707316,Brooke,"67826 Nichole Divide, Dawnport, AR 63872",2024,Inattivo,Orientamento in Grafica 3D
325218,Christina,"888 Stone Trafficway Suite 106, Ingrambury, DC 29954",2014,Inattivo,Orientamento in Scienze Economiche
963469,Angela,"Unit 7334 Box 4684, DPO AA 13322",2012,Attivo,Orientamento in Scienze Geologiche Applicate
589399,Mark,"1045 Lopez Loop, Lake Teresafurt, WA 26415",2014,Inattivo,Orientamento in Ingegneria Elettrica
176207,Zachary,"84766 Willis Shores, West Paula, MA 57375",2022,Attivo,Orientamento in Scienze della Cultura Digitale
268246,Michael,"29188 Stafford Field Apt. 262, West Dwayne, DE 81286",2016,Inattivo,Orientamento in Biostatistica
597973,Cody,"PSC 9955, Box 0119, APO AE 88333",2019,Attivo,Orientamento in Scienze Sociali per la Globalizzazione
745027,Brian,"773 Kristine Bypass Suite 126, Lake Lindsay, TX 22594",2013,Attivo,Orientamento in Data Science
454746,Samantha,"0127 Christy Squares Suite 847, New Anthonyfurt, MD 04196",2017,Inattivo,Orientamento in Intelligenza Artificiale per la Salute
299311,Kevin,"4137 Holly Mountains Apt. 979, North Haroldhaven, MI 81361",2015,Inattivo,Orientamento in Scienze della Nutrizione
510510,Christopher,"657 Rich Knolls, Martinfort, PR 79354",2012,Inattivo,Orientamento in Biotecnologie
172787,Sean,"99808 Nathan Extensions, East Karen, WV 53950",2022,Attivo,Orientamento in Grafica Pubblicitaria
242647,Kenneth,"660 Turner Prairie Suite 791, New Carolynhaven, MD 86420",2024,Inattivo,Orientamento in Ingegneria del Software
711102,Kevin,"2560 Gonzales Orchard Apt. 287, North Davidborough, PR 97138",2012,Attivo,Orientamento in Ingegneria del Software
979123,Emily,"91026 Wright Locks Apt. 277, East Amber, UT 61556",2015,Sospeso,Orientamento in Scienze della Formazione Digitale
538442,Tina,"66580 Martin Trafficway Apt. 126, Lawrencestad, RI 33636",2010,Sospeso,Orientamento in Scienze Politiche Comparate
220994,Tammy,"643 Barrett Orchard Apt. 843, North Debra, NV 97065",2024,Inattivo,Orientamento in Marketing Digitale
895699,Thomas,"96896 Spencer Greens Suite 357, East Tonystad, DE 36598",2019,Sospeso,Orientamento in Biochimica
783530,Joseph,"70450 Glenn Orchard Suite 995, Lake Kathrynville, WV 67935",2011,Sospeso,Orientamento in Scienze dei Materiali
701761,Kristen,"76261 Tamara Shoal Suite 759, South Amybury, NE 46597",2012,Attivo,Orientamento in Grafica 3D
616659,Matthew,"1501 Ashley Way Suite 098, Robertberg, OR 18515",2021,Inattivo,Orientamento in Grafica Pubblicitaria
754150,Carol,"819 Susan Greens, Port Kevin, UT 48518",2024,Inattivo,Orientamento in Psicologia Cognitiva Applicata
830054,Lisa,"5255 Foster Mission, Thomastown, DC 19989",2019,Inattivo,Orientamento in Design del Prodotto
910353,Samantha,"5773 Felicia Vista Apt. 501, North Jack, WA 93215",2012,Sospeso,Orientamento in Scienze Economiche
841412,Ernest,"4077 Angela Square, Chelsealand, NM 90870",2018,Attivo,Orientamento in Ingegneria Civile
770752,Stephanie,"PSC 4015, Box 7164, APO AA 68937",2010,Inattivo,Orientamento in Filologia Moderna
573640,Michelle,"2333 Zachary Plain, Woodsfort, ME 75083",2017,Attivo,Orientamento in Astrofisica
686065,Cheryl,"169 Cervantes Lakes, Josephburgh, MT 96444",2014,Attivo,Orientamento in Linguistica Computazionale
906633,Tonya,"162 Samuel Pass Suite 132, Mercerhaven, GA 86517",2020,Inattivo,Orientamento in Scienze dei Materiali
116071,Bryan,"76149 James Knoll Apt. 297, North Kimberly, SD 36143",2013,Sospeso,Orientamento in Design Industriale
726694,Jay,"294 Fox Dam Apt. 320, South Eileen, TX 09355",2019,Sospeso,Orientamento in Neuroinformatica
767573,Joshua,"0940 Andrew Mission Apt. 188, New Coreyburgh, IN 25074",2019,Inattivo,Orientamento in Scienze della Comunicazione Interculturale
836434,Lauren,"8682 Pamela Port Suite 392, North Branditown, UT 15714",2014,Sospeso,Orientamento in Scienze dei Materiali
224074,Edward,"USS Mcdonald, FPO AP 35103",2022,Sospeso,Orientamento in Economia e Finanza
448726,Tammy,"Unit 0397 Box 0986, DPO AE 91439",2014,Inattivo,Orientamento in Biologia Marina
693028,Jessica,"29100 Dodson Loaf Apt. 439, Joelstad, MN 76041",2018,Sospeso,Orientamento in Astrofisica
809018,Corey,"USS Bullock, FPO AA 43373",2011,Sospeso,Orientamento in Grafica 3D
502132,Mikayla,"2941 Arnold Village Suite 527, New Ryanburgh, NC 62064",2022,Sospeso,Orientamento in Scienze Economiche
486625,Thomas,"8968 Steven Pines, North Robert, NV 80727",2011,Inattivo,Orientamento in Scienze Sociali per la Globalizzazione
796464,Maria,"2752 Joel Square, Brittneyside, CT 53402",2019,Attivo,Orientamento in Scienze della Formazione Digitale
684427,Marvin,"246 Denise Walks Apt. 608, Gabrielaview, ME 01132",2012,Sospeso,Orientamento in Data Science
598409,Jamie,"2067 Kathleen Islands Apt. 518, New Dorothy, NC 33353",2020,Inattivo,Orientamento in Neuropsicologia
125338,Timothy,"40018 Chad Alley Suite 917, Haysmouth, UT 98582",2014,Sospeso,Orientamento in Scienze della Nutrizione
117941,Meredith,"USNS Davis, FPO AP 97689",2024,Inattivo,Orientamento in Scienze Sociali per la Globalizzazione
757926,Tracy,"620 Davis Bypass, New Kevin, KS 30780",2020,Sospeso,Orientamento in Economia Internazionale
390289,Trevor,"478 Luke Knolls, North Phillipburgh, WI 41154",2011,Sospeso,Orientamento in Linguistica Computazionale
269868,Gary,"88036 Amy Views, East Daniel, MN 03248",2010,Attivo,Orientamento in Filosofia del Linguaggio
957141,Patrick,"404 Linda Vista Apt. 798, Scottfurt, PW 16267",2019,Sospeso,Orientamento in Ingegneria Elettrica
711360,Catherine,"27468 Johnson Haven, New Chad, GU 80670",2011,Attivo,Orientamento in Linguistica Computazionale
585365,Shelby,"37934 Myers Glen Apt. 605, Booneland, MN 42440",2012,Attivo,Orientamento in Psicologia Cognitiva Applicata
742655,Cathy,"7060 Hannah Crossing Apt. 119, Port Crystaltown, CA 80512",2015,Inattivo,Orientamento in Didattica per l’Inclusione
804696,Michael,"95462 Catherine Parks Apt. 703, Lanefort, TX 91166",2017,Attivo,Orientamento in Economia Aziendale
617355,Alex,"75647 Claire Wells Apt. 997, Mitchellburgh, ME 67367",2019,Sospeso,Orientamento in Didattica per l’Inclusione
163630,Justin,"84158 Jeremy Island, New Steveshire, MS 03359",2010,Attivo,Orientamento in Marketing e Social Media
836887,Tiffany,"PSC 8700, Box 7489, APO AA 75787",2017,Attivo,Orientamento in Marketing Digitale
115620,Danny,"53450 Tara Mills Suite 431, Tiffanybury, KY 36776",2010,Sospeso,Orientamento in Data Science
564786,Amanda,"80862 Katherine Ways, Douglasbury, NE 27679",2018,Inattivo,Orientamento in Cyber Security
276142,Teresa,"05246 Jeffrey Rapid Suite 022, Marcusport, OH 47303",2014,Inattivo,Orientamento in Scienze della Nutrizione
148667,Miranda,"8303 Perry Dam, North Williamshire, MI 86413",2015,Sospeso,Orientamento in Scienze della Comunicazione Interculturale
620278,Rachel,"84653 Isabella Course Apt. 922, Hallland, AS 75641",2021,Attivo,Orientamento in Grafica 3D
288608,Alison,"49893 Bell Land, Lake Alexandria, CA 31270",2016,Sospeso,Orientamento in Pedagogia Sperimentale
380749,Christian,"307 Hood Glens, Jessicaborough, NE 03475",2013,Inattivo,Orientamento in Didattica per l’Inclusione
928366,Kevin,"7246 Maria Spur, South Carlos, UT 11771",2012,Attivo,Orientamento in Scienze della Nutrizione
907411,Michael,"817 Kristy Drive, Nelsonstad, NJ 84782",2018,Attivo,Orientamento in Biochimica
370368,Brian,"386 Clark Roads Apt. 256, West Barbaraview, IL 75885",2022,Sospeso,Orientamento in Economia e Finanza
817807,Stephanie,"413 John Mountain Apt. 268, Lake Roberthaven, NY 40252",2013,Attivo,Orientamento in Scienze della Formazione Digitale
521228,Jonathan,"45264 Jessica Brooks, New Sherri, OR 45669",2015,Sospeso,Orientamento in Data Visualization
905371,Brian,"PSC 5734, Box 3453, APO AA 78644",2022,Inattivo,Orientamento in Psicologia Clinica
869415,Erika,"91699 Roberts Via, Brownview, AR 87376",2015,Attivo,Orientamento in Scienze Sociali per la Globalizzazione
933579,Stephanie,"PSC 3520, Box 3091, APO AE 04033",2021,Inattivo,Orientamento in Scienze dei Materiali
186362,Sarah,"014 Mark Shoals Apt. 925, Williamton, AZ 60696",2014,Sospeso,Orientamento in Linguistica Computazionale
546048,Laura,"8108 Hughes Turnpike, New Stephen, IA 84391",2011,Sospeso,Orientamento in Grafica Pubblicitaria
891704,Michael,"97938 Curtis Canyon, Whitebury, MO 49725",2015,Sospeso,Orientamento in Ingegneria del Software
276918,Michael,"672 Jason Underpass, Taylorfort, NH 90198",2011,Inattivo,Orientamento in Economia e Commercio Internazionale
291206,Abigail,"3139 Smith Motorway Apt. 151, West Valerie, AS 62462",2016,Attivo,Orientamento in Psicologia Clinica
153757,Dustin,"Unit 6931 Box 4021, DPO AA 02487",2010,Inattivo,Orientamento in Medicina
642783,Michael,"993 Scott Drive Apt. 236, Diazport, WY 36076",2016,Sospeso,Orientamento in Grafica 3D
764595,Jennifer,"332 Lorraine Roads, Butlertown, MD 24784",2013,Inattivo,Orientamento in Ingegneria dei Trasporti
720398,Cindy,"2199 Ewing Corners Suite 619, Port Christopher, SD 93983",2015,Attivo,Orientamento in Grafica Pubblicitaria
444346,Julia,"41817 Scott Valley Apt. 120, Kelseychester, LA 05055",2011,Sospeso,Orientamento in Filosofia del Linguaggio
348788,Anthony,"416 Sarah Expressway, Brandychester, NV 56334",2020,Attivo,Orientamento in Architettura Sostenibile
927600,Robert,"9476 Jacob Points, Port Joshua, GA 82410",2012,Sospeso,Orientamento in Scienze Politiche Comparate
532775,Hannah,"PSC 8840, Box 8514, APO AA 26889",2012,Attivo,Orientamento in Linguistica Computazionale
591158,Traci,"8292 Butler Canyon, East Courtneyberg, CA 51533",2017,Attivo,Orientamento in Data Visualization
618800,Rachel,"28839 Brown Mountain, Lake Joseph, WA 42078",2023,Attivo,Orientamento in Filosofia Applicata
385404,Alexis,"928 Elliott Ways, Garyland, SD 18164",2014,Sospeso,Orientamento in Economia e Commercio Internazionale
906058,Vanessa,"42445 Christopher Island, Powellfurt, CA 47028",2019,Inattivo,Orientamento in Ingegneria dei Trasporti
150033,Shelly,"5170 Jason Parkways Suite 765, Jacksonchester, CT 83294",2013,Inattivo,Orientamento in Pedagogia Sperimentale
917202,Joseph,"8204 Torres Underpass Suite 747, Stephensberg, KS 83749",2013,Sospeso,Orientamento in Data Science
992223,Justin,"106 Melissa Motorway Suite 250, Bernardmouth, HI 45717",2013,Sospeso,Orientamento in Filosofia del Linguaggio
664343,Michael,"254 Bryant Greens, West Teresashire, RI 34777",2013,Attivo,Orientamento in Scienze della Cultura Digitale
900814,Jessica,"8285 Ortiz Loaf Apt. 333, Joneston, ND 38826",2015,Attivo,Orientamento in Scienze Ambientali
332741,Luis,"115 Amber Way Suite 618, New Ronaldton, MN 06377",2024,Attivo,Orientamento in Architettura Sostenibile
694184,Samantha,"42584 Montoya Track, North Tonyastad, CO 84433",2013,Inattivo,Orientamento in Scienze della Formazione Digitale
254908,Jeremy,"17668 Steven Rapids, Port Candice, TN 77337",2018,Attivo,Orientamento in Scienze Sociali per la Globalizzazione
464541,Cheryl,"USNV Hart, FPO AP 90156",2023,Sospeso,Orientamento in Design Industriale
337353,John,"723 Jordan Ranch Apt. 771, Taylorside, MP 00982",2015,Inattivo,Orientamento in Economia e Finanza
996050,Tracy,"052 Abbott Mountains Suite 649, North Melissaberg, ID 30634",2017,Attivo,Orientamento in Ingegneria Biomedica
921240,Dakota,"34471 Dalton Route, East Raymond, NC 29588",2010,Inattivo,Orientamento in Data Science
898529,Kristen,"3900 Gregory Manors Suite 529, South Melissaburgh, AK 10464",2021,Attivo,Orientamento in Diritto Internazionale
751815,Steve,"474 Joseph Locks Suite 471, West Jeffrey, ID 59897",2023,Inattivo,Orientamento in Neuropsicologia
908423,Cassandra,"7929 Lamb Loaf Apt. 719, Port Jenniferville, AZ 24949",2016,Sospeso,Orientamento in Data Visualization
316458,Molly,"2101 James Junctions, Wandamouth, FL 76539",2015,Attivo,Orientamento in Scienze Economiche
939551,Matthew,"08950 Steven Plains, Martinezfort, PR 85838",2016,Inattivo,Orientamento in Scienze della Comunicazione Interculturale
941804,Rebecca,"USS Williams, FPO AE 60531",2013,Inattivo,Orientamento in Filosofia del Linguaggio
636998,Heather,"3202 Jason Path, Lewisview, MO 57396",2022,Inattivo,Orientamento in Filosofia del Linguaggio
597089,Ryan,"077 Alvarez Harbor Apt. 795, Lake Christopher, RI 03409",2015,Sospeso,Orientamento in Design del Prodotto
603583,Lisa,"85164 Kristine Heights Apt. 469, Port Jaredfort, MD 14078",2017,Inattivo,Orientamento in Scienze Politiche Comparate
280093,Brandon,"908 Alexander Corners Suite 011, Wrightside, AR 45545",2021,Attivo,Orientamento in Ingegneria Civile
520597,Steven,"35996 Margaret Rapid, Langton, OR 85389",2023,Sospeso,Orientamento in Medicina
304502,Mary,"286 Valenzuela Union, Riosport, WY 45007",2012,Sospeso,Orientamento in Data Visualization
265437,Pamela,"9760 Flores Roads, Cliffordborough, AK 29925",2012,Inattivo,Orientamento in Cyber Security
394154,Matthew,"91289 Mcdonald River Suite 283, North Kellyborough, UT 47530",2021,Inattivo,Orientamento in Intelligenza Artificiale per la Salute
807814,Alexandria,"201 Melissa Lakes Suite 598, Sheilamouth, VI 15489",2024,Attivo,Orientamento in Data Visualization
704180,Mark,"904 Ashley Loaf Apt. 523, New Kari, FL 07317",2016,Sospeso,Orientamento in Design del Prodotto
719350,Anthony,"346 Bennett Tunnel Suite 494, Lake Ritaville, MA 05180",2023,Sospeso,Orientamento in Economia e Finanza
344570,John,"61177 Jasmine Ranch, Perryshire, WY 67797",2016,Attivo,Orientamento in Intelligenza Artificiale per la Salute
621393,Brandon,"71581 Joseph Cliff, Derekfurt, PA 92528",2023,Inattivo,Orientamento in Economia Aziendale
533163,Eileen,"6212 Allen Knoll, Port Jillianland, AS 68536",2023,Inattivo,Orientamento in Didattica per l’Inclusione
576300,Terri,"3724 Lori Plaza Suite 341, New Sara, MA 68352",2020,Inattivo,Orientamento in Architettura Sostenibile
677964,Courtney,"6456 Jones Squares Apt. 354, North Ashleyville, KY 86689",2024,Sospeso,Orientamento in Astrofisica
841449,Rebecca,"281 Katherine Valleys Apt. 508, Williamsview, MS 21181",2020,Sospeso,Orientamento in Psicologia Cognitiva Applicata
611171,Ellen,"78384 Humphrey Ports Suite 279, South Cynthia, CT 76093",2012,Sospeso,Orientamento in Didattica per l’Inclusione
757598,Aaron,"5765 Jaclyn Key Apt. 241, West Ronald, IA 14631",2015,Sospeso,Orientamento in Grafica 3D
760792,Anthony,"70892 Cynthia Expressway, West Daniel, ID 41588",2011,Inattivo,Orientamento in Scienze della Nutrizione
768068,Sean,"Unit 7494 Box 5799, DPO AA 79516",2018,Attivo,Orientamento in Ingegneria Meccanica Avanzata
241612,Lori,"4901 Alexander Camp Apt. 320, Port Thomasfurt, NY 93802",2020,Attivo,Orientamento in Grafica 3D
558162,Nancy,"Unit 8818 Box 0800, DPO AE 84516",2010,Sospeso,Orientamento in Biostatistica
996448,Jonathan,"PSC 6252, Box 3172, APO AE 08763",2024,Sospeso,Orientamento in Data Science
984892,Samuel,"37291 Johnson Center Suite 869, Harmonfurt, DC 36703",2023,Inattivo,Orientamento in Grafica Pubblicitaria
416965,Colleen,"997 Kaitlyn Plain, Patrickborough, DC 74998",2022,Inattivo,Orientamento in Pedagogia Sperimentale
170126,Tanya,"924 Miller Junction, West Williamview, NE 71032",2021,Sospeso,Orientamento in Logistica e Supply Chain Management
822717,Dillon,"431 Hopkins Pike, Lake Kelly, UT 57925",2017,Attivo,Orientamento in Data Science
107273,Brian,"511 Robinson Canyon Apt. 341, South Donnachester, ND 36709",2010,Attivo,Orientamento in Architettura Sostenibile
669434,Brandon,"104 Brian Heights Suite 212, Smithview, MI 89844",2015,Inattivo,Orientamento in Filosofia Contemporanea
507526,Eddie,"789 Chen Center, Port Courtneystad, OR 27720",2010,Inattivo,Orientamento in Ingegneria dei Trasporti
543366,Kelsey,"2068 Justin Squares Apt. 376, Garciahaven, ND 11184",2024,Attivo,Orientamento in Biotecnologie
930178,Michele,"519 Anna Landing Apt. 280, Melissaville, OK 57209",2011,Inattivo,Orientamento in Filosofia Contemporanea
283593,William,"USS Flores, FPO AE 47963",2018,Sospeso,Orientamento in Ingegneria Meccanica Avanzata
354999,Andre,"51779 Brown Field, New Baileyshire, RI 69818",2017,Attivo,Orientamento in Biostatistica
410702,Mary,"029 Christina Mountain, New Bryanville, MO 96138",2020,Attivo,Orientamento in Grafica 3D
216576,Jocelyn,"50990 Williams Corners Apt. 410, Taylorbury, CA 09844",2019,Sospeso,Orientamento in Filosofia Applicata
797126,Nicole,"83128 Kelli Cove, North Cassandra, SC 01342",2017,Inattivo,Orientamento in Marketing e Social Media
887785,Matthew,"64331 Johnson Trafficway Suite 241, Williamburgh, WV 85365",2017,Inattivo,Orientamento in Didattica per l’Inclusione
409433,Sarah,"3047 Barrett Shoal Apt. 346, West Markmouth, LA 06409",2018,Inattivo,Orientamento in Scienze Geologiche Applicate
611550,Elizabeth,"118 Kristen Crossroad, Brandymouth, DC 18259",2010,Inattivo,Orientamento in Architettura Sostenibile
333441,Ashley,"Unit 7262 Box 6808, DPO AP 83781",2012,Attivo,Orientamento in Filologia Moderna
160689,Ryan,"64166 Stevenson Radial Apt. 763, Alexandriastad, OR 32515",2011,Sospeso,Orientamento in Cyber Security
300718,David,"552 Paul Ports Suite 022, Hunterview, OK 13732",2023,Inattivo,Orientamento in Grafica 3D
496053,Joel,"3529 Smith Plains, Clarkland, IL 39182",2016,Sospeso,Orientamento in Scienze Sociali per la Globalizzazione
931161,Justin,"71980 Higgins Square, Lake Marymouth, LA 04628",2014,Sospeso,Orientamento in Didattica per l’Inclusione
225603,Sarah,"6462 Daniels Stravenue, Michellehaven, NE 84165",2013,Sospeso,Orientamento in Biotecnologie
849657,Ashley,"USNS Avila, FPO AE 73180",2021,Sospeso,Orientamento in Biochimica
991857,Carla,"58436 Samuel Freeway Suite 774, Dawsonhaven, IA 19474",2010,Inattivo,Orientamento in Ingegneria Civile
598794,Patrick,"166 Ronald Inlet, New Daniel, KS 91556",2023,Inattivo,Orientamento in Neuroinformatica
200032,Peter,"3306 Howell Falls Suite 921, Garciabury, DE 87543",2018,Attivo,Orientamento in Scienze della Formazione Digitale
643095,Alan,"801 Mitchell Bridge, Johnathanmouth, NY 20741",2018,Sospeso,Orientamento in Biotecnologie
875373,Charles,"003 Jeffery Point Apt. 411, Mercadomouth, MD 93784",2018,Inattivo,Orientamento in Scienze Sociali per la Globalizzazione
286878,Kara,"111 Tracy Villages, Richardmouth, OK 28014",2019,Sospeso,Orientamento in Ingegneria del Software
611773,John,"63640 Terry Harbor, Elizabethside, NM 60735",2021,Attivo,Orientamento in Pedagogia Sperimentale
450243,Benjamin,"2920 Anna Plains, North Ryan, MS 90502",2011,Sospeso,Orientamento in Scienze della Cultura Digitale
182533,Lisa,"899 Dennis Cliff Apt. 807, Chapmanport, WA 53004",2016,Attivo,Orientamento in Cyber Security
977929,Anna,"PSC 4059, Box 1197, APO AA 53437",2014,Inattivo,Orientamento in Filosofia Applicata
878810,Lisa,"8607 Gill Groves Suite 335, Allentown, IN 97993",2013,Attivo,Orientamento in Ingegneria Biomedica
493569,David,"698 Shirley Fields, Port Josephfurt, SC 08954",2015,Sospeso,Orientamento in Linguistica Computazionale
841690,Johnny,"66936 Rachel Tunnel Suite 719, Port Davidburgh, ME 24117",2014,Inattivo,Orientamento in Filosofia del Linguaggio
513663,Donald,"009 Brandon Locks, Nathanielchester, KS 17670",2021,Inattivo,Orientamento in Scienze della Nutrizione
446454,Anna,"66219 Riley Oval, Johnnyshire, MH 53400",2010,Inattivo,Orientamento in Data Science
977673,David,"281 Parker Trafficway Suite 554, Johnsonburgh, TN 23645",2019,Attivo,Orientamento in Economia e Finanza
710013,Amanda,"9607 Pena Rapids, North Jenniferview, DC 52318",2019,Attivo,Orientamento in Economia Internazionale
649320,Robert,"974 Daniel Isle, South Glennton, SC 19613",2013,Sospeso,Orientamento in Ingegneria Meccanica Avanzata
395608,Ryan,"USS Mcbride, FPO AE 56964",2011,Sospeso,Orientamento in Economia e Commercio Internazionale
178453,Michelle,"8627 Graham Via, Webbborough, MT 67451",2020,Inattivo,Orientamento in Didattica per l’Inclusione
179496,Carolyn,"553 Gonzalez Crossroad, West Kimberlyside, OK 09078",2021,Inattivo,Orientamento in Ingegneria dei Trasporti
231382,Jesse,"13743 Smith Estates Suite 491, Jenniferview, FM 48604",2023,Attivo,Orientamento in Ingegneria Elettrica
495638,William,"6068 Anderson Lake Apt. 782, Austinmouth, NY 67216",2022,Sospeso,Orientamento in Scienze della Cultura Digitale
663639,Susan,"985 John Junction, Wendyville, MN 75717",2014,Sospeso,Orientamento in Ingegneria Civile
349223,Evan,"8865 Nguyen Road, New Mariamouth, MH 91913",2018,Sospeso,Orientamento in Biotecnologie
584835,Michael,"32354 Lance Turnpike Suite 941, Lake Ashley, PR 58806",2024,Attivo,Orientamento in Filosofia Contemporanea
311747,Cody,"054 Alvarez Harbors Suite 596, Kellyberg, NJ 52867",2013,Sospeso,Orientamento in Biostatistica
128160,Jacob,"2613 Simmons Orchard, New Jasontown, HI 98594",2020,Inattivo,Orientamento in Pedagogia Sperimentale
201162,Benjamin,"USS Miranda, FPO AP 47570",2010,Inattivo,Orientamento in Economia e Commercio Internazionale
871105,Cody,"40098 Alexis Keys Apt. 535, Joseberg, DC 07625",2024,Sospeso,Orientamento in Didattica per l’Inclusione
355337,David,"92221 Debbie Coves, Gomezville, AK 46834",2021,Attivo,Orientamento in Economia Aziendale
566642,Christine,"1163 Kim Skyway Apt. 477, East Lauren, GA 23005",2012,Inattivo,Orientamento in Marketing Digitale
773506,Kathleen,"37674 Young Road, South Phillip, DE 12399",2016,Inattivo,Orientamento in Scienze della Comunicazione Politica
912747,Anthony,"92650 David Forges Suite 271, East Patrick, TN 54701",2019,Inattivo,Orientamento in Biologia Marina
612320,Meghan,"476 Christie Mount, Luisville, AR 42600",2011,Attivo,Orientamento in Scienze Ambientali
455189,Alicia,"0487 Page Overpass, Blankenshiptown, CT 31183",2020,Attivo,Orientamento in Intelligenza Artificiale per la Salute
205405,Linda,"42189 Rowe Way, Lake Kenneth, TX 92353",2018,Sospeso,Orientamento in Medicina
546552,Jonathan,"0945 Olson Plaza Apt. 894, Joneshaven, AR 01871",2017,Inattivo,Orientamento in Ingegneria Civile
822899,Kristin,"30818 Stephen Terrace, West Elizabeth, ID 98689",2020,Attivo,Orientamento in Scienze della Comunicazione Politica
963242,Danielle,"4629 Reynolds Shore, New Lauriemouth, SD 79409",2016,Sospeso,Orientamento in Astrofisica
916936,Stephen,"Unit 1828 Box 8489, DPO AP 36347",2012,Sospeso,Orientamento in Scienze della Cultura Digitale
174871,Michael,"57442 Kelley Mountains, Wagnerview, KY 36082",2017,Inattivo,Orientamento in Design del Prodotto
349879,Desiree,"9245 Lewis Rapid Apt. 239, Port Julie, ME 64638",2015,Inattivo,Orientamento in Design del Prodotto
829263,Jasmine,"9509 Drake Rest, Manningtown, VT 70864",2022,Inattivo,Orientamento in Scienze Ambientali
403706,Carolyn,"68068 Spencer Extension Apt. 731, South Davidville, MI 13349",2018,Inattivo,Orientamento in Economia e Finanza
923373,Tammy,"38089 Troy Stream, Khanmouth, OH 96063",2021,Attivo,Orientamento in Biologia Marina
629588,Donald,"37249 Jacob Mews Suite 281, North Wendy, TX 26511",2010,Sospeso,Orientamento in Ingegneria Civile
968814,Lydia,"5148 Schultz Heights, West Hannah, WV 40211",2017,Sospeso,Orientamento in Architettura Sostenibile
576006,Lisa,"31930 Gilbert Underpass, Davisland, ME 06276",2022,Inattivo,Orientamento in Scienze Economiche
410877,Aaron,"220 Copeland Estates, Port Kennethton, MN 90237",2018,Sospeso,Orientamento in Filosofia Applicata
861340,Justin,"801 Jerry Harbors Suite 830, Lake Ashleyborough, AS 22559",2011,Sospeso,Orientamento in Biochimica
255132,Heather,"91351 Rachael Mount Suite 547, Robertfort, WA 92690",2021,Attivo,Orientamento in Astrofisica
699019,Taylor,"17052 William Port Apt. 158, Cathyshire, TX 23680",2021,Attivo,Orientamento in Neuroinformatica
643541,Courtney,"111 Gerald Causeway Suite 197, Michaelville, FM 90359",2015,Inattivo,Orientamento in Scienze Politiche Comparate
349689,David,"Unit 9137 Box 9556, DPO AE 11968",2014,Sospeso,Orientamento in Biologia Marina
613272,Pam,"1118 Brenda Meadows Suite 215, Weeksstad, ME 94718",2016,Inattivo,Orientamento in Economia Internazionale
928573,Jennifer,"67771 Moran Village Suite 595, Jasonburgh, MD 15564",2015,Inattivo,Orientamento in Scienze Politiche Comparate
106350,Chad,"086 Harold Village, Jensenmouth, NY 65521",2021,Attivo,Orientamento in Architettura Sostenibile
181582,Cody,"233 Martinez Field, Carolineberg, IN 95723",2018,Inattivo,Orientamento in Economia e Finanza
784343,Nancy,"92239 Griffin Bridge, North Luisside, RI 15881",2024,Attivo,Orientamento in Ingegneria del Software
156587,Jeffrey,"61394 Ian Causeway Apt. 360, Lake Ernest, MS 05603",2019,Sospeso,Orientamento in Scienze Geologiche Applicate
738184,Felicia,"91101 Ibarra Islands Apt. 202, Port Melissa, AZ 89056",2013,Inattivo,Orientamento in Data Science
676012,Jodi,"PSC 7551, Box 8032, APO AE 98874",2023,Attivo,Orientamento in Marketing Digitale
942255,Bruce,"419 Johnson Square, New Laura, AL 98991",2020,Inattivo,Orientamento in Biologia Marina
766617,John,"4442 Hess Glens, Kennethburgh, SC 55037",2010,Inattivo,Orientamento in Didattica per l’Inclusione
282237,Don,"PSC 1421, Box 3006, APO AA 94441",2012,Attivo,Orientamento in Economia e Commercio Internazionale
246526,Lauren,"4229 Eugene Ways, East Andrew, VA 69949",2016,Inattivo,Orientamento in Ingegneria Meccanica Avanzata
727381,David,"41753 Daniels Centers Apt. 898, Wendychester, FL 32801",2018,Sospeso,Orientamento in Didattica per l’Inclusione
283487,Hannah,"329 Sanchez Mount, North Lisa, GU 08166",2020,Attivo,Orientamento in Neuropsicologia
104598,Jessica,"2222 Clark Heights Apt. 717, Hernandezmouth, UT 28323",2022,Inattivo,Orientamento in Diritto Internazionale
759468,Gregory,"94901 Paul Road Apt. 025, Port Laurenland, NC 39513",2010,Inattivo,Orientamento in Ingegneria Elettrica
502821,Karen,"1365 Frank Island, West Jillianborough, ID 76987",2024,Attivo,Orientamento in Grafica Pubblicitaria
315530,Robert,"48081 Olivia Keys, North Shannonton, KS 89975",2023,Inattivo,Orientamento in Economia Aziendale
170281,Heather,"PSC 7405, Box 4824, APO AA 97470",2011,Inattivo,Orientamento in Biologia Marina
828689,Lawrence,"8493 Gonzalez Falls Suite 520, Port Beth, AZ 74313",2015,Attivo,Orientamento in Biologia Marina
168466,Cory,"640 Sarah Street, Port Richard, PW 47396",2015,Inattivo,Orientamento in Ingegneria dei Trasporti
192484,Michael,"465 Christopher Fork Apt. 618, South Robertport, SC 68000",2024,Sospeso,Orientamento in Ingegneria Biomedica
164555,Anna,"2251 Daryl Fords Suite 537, North Jose, DC 65224",2011,Sospeso,Orientamento in Scienze Economiche
326760,Kimberly,"1847 Walker Forge Suite 575, North Johnnychester, TN 62308",2017,Sospeso,Orientamento in Logistica e Supply Chain Management
342285,John,"756 Christina Land, Thompsonborough, MH 06443",2017,Attivo,Orientamento in Architettura Sostenibile
717543,Shane,"129 Kelly Alley Suite 214, Cynthiatown, RI 08979",2010,Inattivo,Orientamento in Filosofia Applicata
307147,Mary,"PSC 9757, Box 0098, APO AE 48267",2024,Attivo,Orientamento in Scienze della Comunicazione Interculturale
148638,Beth,"090 Chavez Motorway Apt. 977, Leebury, AR 38619",2012,Sospeso,Orientamento in Neuropsicologia
452189,Latoya,"7205 Marilyn Springs, Coryland, ND 03332",2015,Inattivo,Orientamento in Biotecnologie
119029,Sean,"38492 Linda Mountains Apt. 157, East Ernest, CA 94119",2010,Sospeso,Orientamento in Economia e Commercio Internazionale
428554,Kim,"38878 Harvey Street, Lancestad, UT 68021",2024,Inattivo,Orientamento in Scienze Politiche Comparate
165993,Terri,"1658 Horn Spring Apt. 422, North Samantha, LA 85457",2023,Inattivo,Orientamento in Marketing Digitale
613848,Rachel,"452 Taylor Greens, West Kimberly, MP 69850",2015,Attivo,Orientamento in Psicologia Clinica
111451,Christopher,"5639 Lindsey Shoals, Jeremyville, VI 51468",2011,Attivo,Orientamento in Linguistica Computazionale
946744,Jason,"385 Dylan Mission, Amyville, VA 28646",2023,Inattivo,Orientamento in Ingegneria Civile
671160,Kara,"6925 Kayla Cliff Apt. 390, Johnport, PR 81297",2017,Inattivo,Orientamento in Architettura Sostenibile
120012,Joshua,"070 Kathleen Union Suite 055, East Zacharystad, WV 94620",2013,Sospeso,Orientamento in Logistica e Supply Chain Management
201644,Anthony,"228 Troy Field Apt. 245, Herringmouth, IN 85745",2016,Sospeso,Orientamento in Scienze della Nutrizione
540001,Emily,"972 Williams Greens, West Noah, NE 90369",2010,Inattivo,Orientamento in Cyber Security
737182,Diana,"755 Wright Cape, Sotoborough, MO 41596",2022,Attivo,Orientamento in Scienze della Formazione Digitale
898361,Thomas,"854 Short Lodge Apt. 225, Garrettfort, MI 87794",2024,Attivo,Orientamento in Ingegneria del Software
135502,Anthony,"08553 Miranda Field Apt. 840, East Brittany, KS 36311",2014,Attivo,Orientamento in Data Science
593193,Tony,"2634 Sonia Gateway, Cynthiabury, GA 79309",2021,Inattivo,Orientamento in Ingegneria dei Trasporti
799703,Bethany,"12658 Sandra Trace Suite 927, Parkermouth, RI 70328",2010,Inattivo,Orientamento in Scienze Ambientali
314909,Jackson,"634 Ellis Walk, Mccallhaven, SD 11439",2013,Attivo,Orientamento in Scienze Geologiche Applicate
522775,Jeffrey,"1811 Michael Crescent Suite 464, Lisafurt, OK 16291",2014,Sospeso,Orientamento in Economia e Commercio Internazionale
638789,Patricia,"1267 Williams Rapids, Lake Rachel, DE 88332",2013,Inattivo,Orientamento in Astrofisica
801376,Richard,"040 Wheeler Ramp, Mathewshire, MH 13925",2015,Attivo,Orientamento in Neuropsicologia
545104,Lawrence,"PSC 6113, Box 7871, APO AA 34667",2018,Inattivo,Orientamento in Psicologia Clinica
896433,John,"917 Fletcher Plains, Benjamintown, TN 28515",2010,Attivo,Orientamento in Pedagogia Sperimentale
875852,Megan,"78905 Eric Plain Suite 851, Lake Dylanville, HI 61228",2013,Inattivo,Orientamento in Economia Internazionale
104701,Jon,"126 Davis Way, East Heather, MO 87741",2018,Attivo,Orientamento in Scienze della Nutrizione
948321,Michael,"6747 Stephanie Springs Apt. 416, Davidtown, AS 56604",2010,Attivo,Orientamento in Pedagogia Sperimentale
971112,Kelly,"97822 Jeremy Oval, New Ellen, MS 89705",2013,Sospeso,Orientamento in Scienze dei Materiali
597630,Deborah,"6051 Hernandez Motorway, Grayton, GU 34078",2011,Attivo,Orientamento in Ingegneria Elettrica
873769,Michelle,"Unit 7993 Box 1919, DPO AP 38661",2022,Attivo,Orientamento in Neuroinformatica
357959,Christine,"5142 Kimberly Knolls, New Michael, AL 25542",2018,Inattivo,Orientamento in Data Visualization
528548,Matthew,"00316 Mccullough Branch Apt. 509, East Karenbury, MH 02335",2019,Inattivo,Orientamento in Ingegneria del Software
273904,Scott,"Unit 1199 Box 2774, DPO AE 48106",2012,Sospeso,Orientamento in Astrofisica
675033,Brian,"323 Rodriguez Ridges, Bassborough, OR 80861",2020,Attivo,Orientamento in Grafica Pubblicitaria
158492,Jacqueline,"427 Austin Street Suite 540, Spencerfort, UT 45155",2018,Sospeso,Orientamento in Filosofia del Linguaggio
184373,Troy,"9389 Mark Spur Suite 654, Jeffreyfurt, PR 60330",2017,Inattivo,Orientamento in Pedagogia Sperimentale
180252,Dan,"1427 Lee Groves Suite 065, Johnsonborough, WV 43318",2010,Attivo,Orientamento in Robotica
966797,Kristie,"9344 Scott Divide, New Kristyport, WA 95308",2021,Attivo,Orientamento in Economia Internazionale
649410,John,"6964 Yang Ramp Suite 739, South Johntown, MN 50476",2013,Attivo,Orientamento in Logistica e Supply Chain Management
917911,Heather,"674 Williams Port Suite 910, West Mitchellfurt, NJ 04323",2012,Sospeso,Orientamento in Design Industriale
223850,William,"310 Ronald Hills, Port Thomas, KY 27713",2017,Sospeso,Orientamento in Design del Prodotto
792502,Anne,"6198 Lauren Alley, Scottport, UT 98615",2017,Sospeso,Orientamento in Filologia Moderna
590473,Bruce,"4714 Hansen Ways Suite 280, North Tonyside, MA 36743",2019,Sospeso,Orientamento in Medicina
670107,Alexandra,"40895 Fry Plaza, Rebeccafort, SD 10297",2021,Sospeso,Orientamento in Ingegneria dei Trasporti
967906,Ryan,"9823 Logan Views, Phillipsport, NV 96534",2023,Sospeso,Orientamento in Grafica 3D
677110,Kelli,"87126 Hampton Stravenue Suite 146, North James, WI 17659",2012,Sospeso,Orientamento in Economia Aziendale
711890,Ashley,"1870 Vickie Trace, West Danielleburgh, FM 74862",2013,Inattivo,Orientamento in Filosofia del Linguaggio
482902,Amanda,"894 Mcpherson Track, Lake Abigailberg, SC 08676",2011,Inattivo,Orientamento in Design del Prodotto
648683,Sierra,"77400 Fox Prairie, Johnstad, OH 12978",2015,Attivo,Orientamento in Pedagogia Sperimentale
962547,Erin,"915 Jay Courts, Scottton, ND 48153",2022,Sospeso,Orientamento in Scienze della Nutrizione
279784,Maria,"070 Flowers Oval Apt. 806, Philipberg, MN 68522",2017,Sospeso,Orientamento in Filosofia Applicata
468875,Andrew,"USS Williams, FPO AA 17804",2017,Attivo,Orientamento in Design del Prodotto
780923,Shawn,"08793 Harris Path Suite 843, Valerieville, DE 07910",2024,Sospeso,Orientamento in Design del Prodotto
265813,Amanda,"0887 Hicks Parkway, South Jennifer, AR 95252",2024,Inattivo,Orientamento in Scienze Economiche
698110,Tammy,"78719 Michael Inlet, Barbarafurt, MD 23037",2020,Inattivo,Orientamento in Marketing Digitale
803460,Brittany,"8745 Aguirre Mews Apt. 040, Annamouth, OR 93897",2013,Inattivo,Orientamento in Economia e Commercio Internazionale
735774,Bryan,"Unit 6582 Box 4843, DPO AP 45746",2016,Sospeso,Orientamento in Marketing e Social Media
351726,Tiffany,"37278 Jessica Point Suite 221, Nancyberg, MH 31643",2012,Inattivo,Orientamento in Scienze della Nutrizione
280548,Christian,"199 Stewart Inlet, Jessicaville, UT 08594",2020,Attivo,Orientamento in Astrofisica
132511,James,"8774 Jose Parks, North Raymond, MO 35692",2022,Inattivo,Orientamento in Marketing e Social Media
751039,Joshua,"9661 Cox Keys Suite 109, South Joshua, DE 99160",2022,Inattivo,Orientamento in Biotecnologie
331481,Karen,"87905 Patel Streets Suite 234, Ryanborough, TN 48668",2011,Attivo,Orientamento in Biostatistica
557587,Walter,"67885 Butler Mountains, Matthewport, CA 51505",2013,Sospeso,Orientamento in Ingegneria Civile
379987,Maurice,"103 Roy Hills, Ricardoborough, GU 75563",2010,Attivo,Orientamento in Scienze della Comunicazione Politica
428488,Emily,"918 Knight Lodge Apt. 075, North Stephanieville, WY 92763",2018,Inattivo,Orientamento in Economia e Finanza
476820,Brian,"2316 Joseph Manors, Tylermouth, CT 48507",2016,Inattivo,Orientamento in Scienze della Comunicazione Interculturale
829134,Lindsay,"0743 Michael Cove, North John, CT 49737",2018,Attivo,Orientamento in Medicina
108451,Robert,"437 Collier Road, North Samanthabury, IA 31447",2011,Inattivo,Orientamento in Biochimica
914797,John,"USNS Thompson, FPO AA 97367",2020,Inattivo,Orientamento in Architettura Sostenibile
676161,Nancy,"069 Walls Crossing, Lake Emmaborough, MO 70966",2022,Inattivo,Orientamento in Economia e Commercio Internazionale
740061,Lisa,"501 Daniels Rapids Apt. 165, East Michael, GU 56548",2018,Inattivo,Orientamento in Filosofia Contemporanea
809158,Joshua,"9514 Ward Roads, Hermanberg, DC 18047",2014,Attivo,Orientamento in Filosofia del Linguaggio
319225,Patricia,"9483 Mack Mountain Apt. 272, Lake Ian, NC 64696",2019,Attivo,Orientamento in Scienze dei Materiali
492568,Amanda,"5031 Andrea Centers Apt. 429, New Matthew, CA 76545",2014,Inattivo,Orientamento in Ingegneria dei Trasporti
990786,Kimberly,"546 Holden Run, Evansberg, LA 07718",2024,Inattivo,Orientamento in Neuropsicologia
973924,Andrew,"Unit 2904 Box 1721, DPO AP 38383",2015,Inattivo,Orientamento in Scienze Geologiche Applicate
410078,Michael,"PSC 7193, Box 9702, APO AP 34886",2021,Inattivo,Orientamento in Filosofia Applicata
100801,Ricardo,"3246 Patricia Club Suite 045, Marshville, MA 60594",2012,Attivo,Orientamento in Robotica
345774,Melissa,"Unit 5950 Box 9654, DPO AA 30514",2020,Attivo,Orientamento in Ingegneria Meccanica Avanzata
220123,Dana,"547 Ortiz Wells, Hollybury, NH 41964",2020,Attivo,Orientamento in Medicina
274611,Yolanda,"619 Martinez Square Suite 323, New Abigailland, FM 73966",2018,Sospeso,Orientamento in Data Visualization
562141,Ashley,"PSC 5445, Box 8324, APO AE 79823",2010,Sospeso,Orientamento in Didattica per l’Inclusione
902099,David,"57059 Denise Branch Apt. 847, South Megan, MD 28214",2012,Sospeso,Orientamento in Ingegneria del Software
333525,Robert,"58410 Hunter Lane, Matthewville, NH 88086",2017,Attivo,Orientamento in Scienze della Comunicazione Politica
559585,Lynn,"82840 Meyer Place Apt. 763, Andrewport, MP 47215",2017,Attivo,Orientamento in Psicologia Clinica
205633,Tracy,"6368 Baldwin Streets Suite 510, North Andrew, AR 16997",2011,Sospeso,Orientamento in Ingegneria Elettrica
218499,Mason,"789 Garcia Lights Apt. 064, South Alan, VA 94590",2011,Inattivo,Orientamento in Ingegneria del Software
706537,Phillip,"918 Mason Drive, Johnshire, VT 61988",2012,Attivo,Orientamento in Grafica 3D
159780,Mark,"475 Sandra Forge, Wendyhaven, PW 45987",2024,Attivo,Orientamento in Filosofia Applicata
224169,Joseph,"719 David Inlet, Port Jacqueline, GA 12801",2012,Attivo,Orientamento in Biochimica
116621,Tracey,"442 Jessica Creek, Shieldsberg, RI 47500",2010,Attivo,Orientamento in Ingegneria Civile
575724,Jocelyn,"PSC 4833, Box 4923, APO AA 25176",2023,Inattivo,Orientamento in Filosofia del Linguaggio
706368,Jane,"08558 Brittany Highway, Jeffreyfurt, OK 53449",2016,Sospeso,Orientamento in Design Industriale
430572,Michael,"4906 Young Extension, Jenniferstad, OR 11851",2010,Attivo,Orientamento in Ingegneria del Software
380867,Robert,"852 Thompson Fork, Ashleybury, WI 25015",2021,Sospeso,Orientamento in Biotecnologie
848132,Roger,"8599 Roth Fall, Teresaside, NM 16791",2023,Inattivo,Orientamento in Marketing Digitale
567974,Trevor,"1456 Ashley View, Taylorton, RI 40958",2024,Attivo,Orientamento in Astrofisica
988835,Andrew,"USCGC Brown, FPO AA 61297",2010,Sospeso,Orientamento in Linguistica Computazionale
820218,Michael,"7565 Ronald Falls Suite 375, Bellstad, WV 02036",2024,Sospeso,Orientamento in Ingegneria Elettrica
408818,Leah,"4058 Ramirez Lake, Port Tara, AL 90706",2016,Attivo,Orientamento in Neuropsicologia
832484,Alexander,"4383 Angela Forest, Amandafort, UT 84045",2020,Inattivo,Orientamento in Logistica e Supply Chain Management
386938,Brian,"8417 Richard Plains, Stevenville, MO 13110",2018,Attivo,Orientamento in Linguistica Computazionale
822580,Scott,"46486 Gina Greens, New Julie, VA 33703",2020,Attivo,Orientamento in Linguistica Computazionale
749332,Pamela,"0260 Evans Wells Apt. 251, Shermanton, MN 28466",2011,Sospeso,Orientamento in Scienze Geologiche Applicate
755509,Richard,"7514 Brian Ranch, North Williamside, WV 01233",2023,Sospeso,Orientamento in Robotica
164338,Linda,"51230 Thomas Mountain, West Stephenport, HI 60157",2011,Attivo,Orientamento in Scienze Politiche Comparate
711071,Brian,"356 Barker Crescent, New Benjamin, WY 88779",2018,Attivo,Orientamento in Cyber Security
774310,Doris,"908 Melissa Meadow, Christinestad, MI 84516",2011,Sospeso,Orientamento in Filologia Moderna
601038,Stephanie,"1083 Stanley Camp Apt. 915, New Edwinhaven, FM 37014",2022,Attivo,Orientamento in Filosofia Applicata
586214,Patrick,"4487 Christine Lodge Suite 720, New Sarah, KY 84628",2015,Attivo,Orientamento in Ingegneria Elettrica
569606,Bradley,"49755 Shari Rest Apt. 608, Georgefort, IA 80816",2016,Sospeso,Orientamento in Ingegneria Elettrica
311719,William,"3664 Garrett Pass, Jenniferbury, SC 42780",2020,Attivo,Orientamento in Ingegneria Biomedica
361791,Mike,"37861 Gerald Island Apt. 435, Port Tamara, NV 20872",2012,Sospeso,Orientamento in Astrofisica
642808,Kristine,"3786 William Highway Suite 511, Waltertown, RI 02932",2024,Attivo,Orientamento in Scienze della Comunicazione Interculturale
718348,Shannon,"6987 Doyle Skyway Apt. 981, Thomasport, KY 17177",2021,Sospeso,Orientamento in Pedagogia Sperimentale
866885,John,"363 Courtney Land Suite 667, West Scott, AR 33099",2011,Attivo,Orientamento in Scienze della Comunicazione Politica
746956,Faith,"174 Wright Crest Suite 882, Campbellfurt, KS 17725",2018,Attivo,Orientamento in Scienze Economiche
104460,Jerry,"105 Bennett Light, South Codyfurt, WV 68563",2024,Attivo,Orientamento in Ingegneria Elettrica
131533,Shannon,"846 Troy Parkways Apt. 835, North Mitchellville, MI 28169",2019,Inattivo,Orientamento in Scienze della Nutrizione
441233,Karen,"338 Matthew Station, Claudiatown, OR 13281",2012,Attivo,Orientamento in Scienze della Formazione Digitale
189129,Danielle,"11526 Morales Inlet Suite 915, East Jeffrey, SC 69999",2016,Inattivo,Orientamento in Economia Internazionale
911227,Jonathan,"USNV Heath, FPO AA 11894",2017,Attivo,Orientamento in Design Industriale
265695,Taylor,"77599 Justin Forest Suite 052, Rebeccaland, KY 10075",2012,Attivo,Orientamento in Design Industriale
851778,Alison,"43822 Frank Springs Suite 464, South Lawrencebury, TN 76534",2013,Inattivo,Orientamento in Biologia Marina
316235,Christopher,"7295 Anthony Coves, Philipfort, GU 86660",2015,Inattivo,Orientamento in Scienze della Formazione Digitale
642268,Rebecca,"261 Cochran Walk Suite 804, Johntown, FM 38991",2015,Inattivo,Orientamento in Biologia Marina
285514,Amanda,"685 Barnett Ford Apt. 069, Zimmermanburgh, TN 60434",2024,Sospeso,Orientamento in Cyber Security
172899,Matthew,"Unit 7707 Box 9727, DPO AP 91484",2019,Attivo,Orientamento in Filologia Moderna
262116,Daniel,"974 Brian Wells, North Bryan, UT 72605",2020,Attivo,Orientamento in Psicologia Clinica
388978,Antonio,"18953 Oconnell Villages Apt. 670, New Patriciafort, TN 68560",2014,Inattivo,Orientamento in Ingegneria Civile
295892,Sergio,"00122 Kristopher Fall Suite 112, Port Virginiaton, WA 42627",2023,Attivo,Orientamento in Cyber Security
850763,Patrick,"88950 Michelle Divide Suite 880, East Brittanyborough, TX 38754",2023,Sospeso,Orientamento in Ingegneria Meccanica Avanzata
636833,Timothy,"83307 Castillo Fort Apt. 156, Lake Michael, NY 34874",2024,Attivo,Orientamento in Data Visualization
626979,Renee,"PSC 4342, Box 0941, APO AA 68458",2022,Inattivo,Orientamento in Psicologia Cognitiva Applicata
237289,Kyle,"38007 Joshua Freeway, Lopezmouth, NH 98518",2021,Sospeso,Orientamento in Astrofisica
380061,Kimberly,"688 Brooke Orchard, Andersontown, AS 71693",2021,Sospeso,Orientamento in Scienze della Nutrizione
526270,Brittany,"000 Dale Points, Dennistown, VA 16453",2023,Attivo,Orientamento in Scienze Geologiche Applicate
567783,David,"45974 John Avenue Suite 800, Amyville, GU 31034",2010,Attivo,Orientamento in Scienze Geologiche Applicate
318628,Carol,"321 Tammy Vista, Aprilberg, RI 99641",2011,Attivo,Orientamento in Scienze Economiche
258031,Blake,"4418 Daniel Fork Apt. 485, Garnershire, LA 91832",2023,Inattivo,Orientamento in Biotecnologie
418086,Allison,"0583 Cummings River, Garciamouth, KY 86551",2018,Inattivo,Orientamento in Ingegneria Elettrica
474484,Shirley,"Unit 0173 Box 6384, DPO AA 02224",2013,Attivo,Orientamento in Biochimica
717340,Colleen,"34634 Kathryn Extension Apt. 008, Greentown, DE 01285",2014,Attivo,Orientamento in Scienze della Cultura Digitale
712293,Steven,"7036 Anderson Turnpike Suite 034, New Joseside, TN 30375",2011,Inattivo,Orientamento in Biotecnologie
654509,Justin,"1987 Wright Track Suite 361, Port Debbie, UT 87471",2012,Sospeso,Orientamento in Marketing Digitale
458369,Amber,"591 Anthony Island, Teresafurt, MI 42161",2015,Sospeso,Orientamento in Linguistica Computazionale
536140,Miguel,"3920 Shannon Curve Apt. 994, South Martin, LA 56511",2015,Inattivo,Orientamento in Ingegneria dei Trasporti
778456,Natasha,"Unit 6001 Box 6129, DPO AA 05343",2018,Attivo,Orientamento in Linguistica Computazionale
985628,Sandra,"8912 Christopher Place, West Jamieside, NE 17886",2016,Inattivo,Orientamento in Grafica 3D
204028,John,"7568 Cesar Cliffs Apt. 576, Kevinview, AS 03730",2024,Sospeso,Orientamento in Scienze della Nutrizione
589988,Samantha,"74825 David Wall Apt. 666, Ericbury, MS 16787",2017,Inattivo,Orientamento in Cyber Security
671120,Larry,"858 Jeffrey River Apt. 790, Kirkfurt, OH 84716",2021,Inattivo,Orientamento in Psicologia Cognitiva Applicata
281241,Tanya,"2009 Richard Walk Suite 145, Brownland, NY 80313",2020,Sospeso,Orientamento in Medicina
206992,Patricia,"187 Burke Parks Apt. 438, Port Saramouth, MT 75121",2014,Inattivo,Orientamento in Architettura Sostenibile
427350,Cynthia,"93301 Timothy Fork Apt. 314, Albertview, WI 33514",2024,Inattivo,Orientamento in Pedagogia Sperimentale
101693,Brandon,"3530 Maria Radial Apt. 291, Port Timothy, IL 27764",2024,Inattivo,Orientamento in Didattica per l’Inclusione
409370,Danielle,"824 Vanessa Land, Lake Michaelhaven, MT 01582",2010,Sospeso,Orientamento in Scienze Politiche Comparate
630949,Deborah,"3340 Alvarez Spur, Lake Michael, CT 43302",2023,Sospeso,Orientamento in Filosofia Contemporanea
736543,Bethany,"42998 Lisa Flats, Richardfort, OH 51935",2022,Inattivo,Orientamento in Architettura Sostenibile
313432,Emily,"4887 Johnson Club, Lake Theresa, AS 55421",2010,Inattivo,Orientamento in Scienze della Formazione Digitale
864634,Daniel,"USNV Pratt, FPO AP 43606",2014,Inattivo,Orientamento in Scienze della Comunicazione Politica
934845,Lauren,"6785 Ortiz Harbors Suite 567, North Cameronville, MI 67836",2022,Sospeso,Orientamento in Economia e Commercio Internazionale
451355,Randy,"638 April Trace, North Jenniferchester, NV 85365",2021,Inattivo,Orientamento in Ingegneria Elettrica
556724,Nancy,"041 Forbes Canyon Suite 052, Patriciashire, OR 25095",2012,Attivo,Orientamento in Scienze Politiche Comparate
736154,Sean,"470 Rebecca Mews Apt. 156, Lake Laurie, NH 25184",2012,Sospeso,Orientamento in Robotica
992779,Shirley,"10507 Peggy Meadow, Traciberg, WI 24455",2020,Attivo,Orientamento in Logistica e Supply Chain Management
983039,Clifford,"0946 Joseph Hollow, Haleyhaven, NE 57390",2020,Attivo,Orientamento in Neuroinformatica
834498,Gregory,"8759 Erickson Cliff, Jasonton, NM 98207",2022,Inattivo,Orientamento in Neuropsicologia
690113,Dakota,"857 Rodriguez Falls, North Ryanberg, VI 75132",2013,Sospeso,Orientamento in Data Visualization
765091,Louis,"81481 Leah Lake, Wrightland, WI 66429",2014,Attivo,Orientamento in Scienze Sociali per la Globalizzazione
149930,Jeffrey,"2246 Charles Meadows Apt. 895, West Lisa, RI 98938",2018,Attivo,Orientamento in Biotecnologie
104174,Travis,"25635 Gregory Street Suite 165, Taylormouth, PR 66503",2012,Sospeso,Orientamento in Scienze dei Materiali
219764,Lauren,"377 Lisa Circles Apt. 622, Michaelhaven, OR 83137",2014,Attivo,Orientamento in Astrofisica
977059,Shannon,"PSC 1046, Box 3931, APO AE 53178",2012,Inattivo,Orientamento in Ingegneria Biomedica
114238,Erica,"Unit 6661 Box 2732, DPO AA 86644",2018,Attivo,Orientamento in Pedagogia Sperimentale
993781,Jessica,"434 Christopher Points Apt. 238, East Heather, ID 49112",2021,Attivo,Orientamento in Grafica Pubblicitaria
154603,Thomas,"8446 Eric Walk, Port Elizabethport, SD 43588",2024,Sospeso,Orientamento in Neuropsicologia
262589,Vicki,"PSC 0082, Box 6067, APO AP 51763",2010,Inattivo,Orientamento in Ingegneria Civile
103282,Jessica,"159 Jones Viaduct Suite 509, Lisafort, PW 74477",2012,Sospeso,Orientamento in Biostatistica
661106,Jonathan,"8587 Jamie Neck Suite 037, West Lee, IA 15775",2015,Sospeso,Orientamento in Ingegneria del Software
134039,Tamara,"988 Pham Falls Apt. 093, New Curtis, AS 04201",2018,Sospeso,Orientamento in Filosofia Applicata
995547,Olivia,"6424 Richard Light Suite 464, Austinfort, MO 30568",2018,Inattivo,Orientamento in Data Visualization
657667,Jose,"104 Copeland Well Apt. 119, South Gregoryberg, IL 50058",2018,Sospeso,Orientamento in Biostatistica
348022,Juan,"347 Lewis Squares, Vargaschester, GU 25979",2015,Attivo,Orientamento in Didattica per l’Inclusione
332958,Lindsay,"4405 Juan Village Suite 753, Michaelshire, CT 33642",2021,Sospeso,Orientamento in Economia e Finanza
782198,Scott,"Unit 4035 Box 3039, DPO AE 06469",2024,Inattivo,Orientamento in Linguistica Computazionale
749376,Robert,"3506 James Forges, North Davidhaven, MT 67829",2013,Sospeso,Orientamento in Scienze Economiche
493134,Maurice,"Unit 8923 Box 3336, DPO AE 43478",2018,Inattivo,Orientamento in Grafica Pubblicitaria
887865,Charles,"5566 Swanson Ridge, Thomastown, FL 61843",2021,Attivo,Orientamento in Scienze della Nutrizione
274135,Ricardo,"05295 Kristine Port, Berrytown, WV 87599",2012,Sospeso,Orientamento in Grafica 3D
137663,Kevin,"6930 James Terrace Suite 528, Tonybury, GU 85655",2020,Inattivo,Orientamento in Data Visualization
738118,Kevin,"USS Stokes, FPO AE 27805",2012,Attivo,Orientamento in Filosofia Contemporanea
145701,Rachel,"0775 Dawn Freeway Apt. 272, Dawsonton, NC 66943",2011,Sospeso,Orientamento in Neuroinformatica
326296,Stephanie,"40737 Brian Well, New Shaneview, OK 58655",2013,Attivo,Orientamento in Cyber Security
123157,Benjamin,"437 Heidi Points, Chavezport, MO 67808",2021,Inattivo,Orientamento in Marketing Digitale
380751,Melissa,"3998 Paula Cape Suite 563, North Carolyn, OK 75329",2013,Sospeso,Orientamento in Data Science
499881,Nicholas,"1447 Amanda Underpass Apt. 934, Donshire, VT 33955",2023,Inattivo,Orientamento in Design Industriale
467341,Troy,"0766 Teresa Ramp Apt. 448, New Ronaldmouth, NC 45073",2022,Sospeso,Orientamento in Grafica 3D
815147,Hannah,"52163 Randall Shoal, Michaelport, CT 42817",2021,Attivo,Orientamento in Biologia Marina
771761,Jessica,"52206 Fowler Fields Suite 483, Lake Tammymouth, OK 11026",2013,Inattivo,Orientamento in Scienze Economiche
788554,Adam,"837 Adam Springs Apt. 389, Sarahview, VA 41805",2010,Inattivo,Orientamento in Psicologia Cognitiva Applicata
850601,Jennifer,"49403 Bryant Mall, Scotttown, VI 32846",2024,Attivo,Orientamento in Scienze della Cultura Digitale
200418,Jeremy,"4116 Norris Place Suite 367, Brandonburgh, PR 89327",2020,Sospeso,Orientamento in Diritto Internazionale
408727,Melanie,"573 Allen Views, Donaldfurt, NY 07264",2023,Inattivo,Orientamento in Scienze Sociali per la Globalizzazione
726940,Jacob,"014 Black Alley, Lake Jessica, DE 63805",2023,Inattivo,Orientamento in Scienze Geologiche Applicate
296843,Gabriela,"2133 Stafford Circle Suite 917, East Christopherstad, AK 60972",2013,Attivo,Orientamento in Scienze della Comunicazione Interculturale
139235,Ronald,"736 Christine Lakes Apt. 343, New Sylviabury, AK 36091",2024,Attivo,Orientamento in Scienze della Comunicazione Interculturale
979506,Nathaniel,"04694 Potts Court Suite 441, North Ericside, NJ 78530",2011,Sospeso,Orientamento in Marketing Digitale
591892,Michelle,"Unit 8306 Box 4426, DPO AP 07778",2014,Inattivo,Orientamento in Scienze della Formazione Digitale
758529,Sandra,"261 Collins Curve, North Lawrence, TN 75753",2024,Attivo,Orientamento in Linguistica Computazionale
319198,Ariana,"61681 Cindy Drives, Port Tonyaville, MN 03815",2023,Attivo,Orientamento in Diritto Internazionale
510915,Elizabeth,"250 Jenkins Flats Apt. 739, Tammyburgh, MS 40401",2010,Inattivo,Orientamento in Filosofia Contemporanea
905577,Randy,"9926 Carol Pines, Thorntonview, NH 48133",2013,Attivo,Orientamento in Ingegneria Elettrica
186303,James,"0990 Victoria Points Suite 752, Kennedyburgh, GA 12625",2020,Inattivo,Orientamento in Grafica Pubblicitaria
754923,Deborah,"577 Rodney Valley Apt. 184, Ericmouth, NC 98308",2010,Sospeso,Orientamento in Filologia Moderna
216483,Elizabeth,"7940 Christopher Forks Suite 126, Joycefort, AK 58228",2024,Sospeso,Orientamento in Filosofia del Linguaggio
665428,Richard,"563 Robert Ridge Apt. 630, South Sharon, NJ 05197",2020,Inattivo,Orientamento in Design Industriale
308276,Teresa,"4006 Lisa Brooks Suite 160, New Jonathan, SD 59290",2011,Inattivo,Orientamento in Scienze della Comunicazione Politica
644590,Matthew,"4763 Jessica Divide, Port Christopherland, DE 21965",2012,Sospeso,Orientamento in Scienze della Comunicazione Interculturale
886558,Alexander,"3165 Moreno Centers Apt. 216, Pattersonbury, RI 51827",2021,Sospeso,Orientamento in Ingegneria dei Trasporti
948767,Brooke,"28246 Christopher Well, Jessicaview, GU 52332",2014,Attivo,Orientamento in Robotica
841221,Kristen,"508 Lee Bypass Suite 950, West Davidberg, RI 20731",2024,Attivo,Orientamento in Scienze dei Materiali
803172,Kimberly,"16149 Erica Manors, Jasonstad, IA 27221",2020,Sospeso,Orientamento in Scienze Politiche Comparate
515296,Sue,"419 Stephen Bridge Apt. 828, West Sierraton, PW 17382",2018,Attivo,Orientamento in Filologia Moderna
585670,Mary,"9655 Lisa Dale, Tiffanyland, UT 58739",2024,Attivo,Orientamento in Architettura Sostenibile
861450,Kristen,"22437 Griffin Ramp Apt. 008, Rasmussenfort, CO 02413",2014,Sospeso,Orientamento in Design Industriale
234927,Nancy,"904 Michael Walk Apt. 374, Villanuevachester, OK 47746",2017,Sospeso,Orientamento in Psicologia Cognitiva Applicata
505449,Roger,"214 Natalie Valleys Apt. 509, Angelachester, GA 19129",2014,Inattivo,Orientamento in Biologia Marina
902820,Erik,"44625 Casey Lane Apt. 463, Petersonfort, MD 44955",2016,Inattivo,Orientamento in Scienze della Comunicazione Interculturale
539579,Kaitlyn,"2111 Raymond Crest, Wendytown, IN 41049",2014,Sospeso,Orientamento in Scienze della Comunicazione Interculturale
111302,Claudia,"5098 Kelly Stream Suite 868, Cynthiachester, WA 49486",2022,Sospeso,Orientamento in Pedagogia Sperimentale
638193,Christopher,"47333 Gonzalez Manors Suite 029, South Shawnchester, AK 63735",2011,Sospeso,Orientamento in Ingegneria Elettrica
156459,Vanessa,"148 Kenneth Hollow Apt. 261, Mcgeemouth, FL 21061",2019,Sospeso,Orientamento in Scienze della Comunicazione Interculturale
914060,John,"69111 Heidi Squares Suite 571, Port Christineburgh, VA 40153",2010,Inattivo,Orientamento in Ingegneria del Software
975703,Amanda,"26009 Scott Meadow Suite 147, East Virginia, WY 03805",2015,Attivo,Orientamento in Economia Aziendale
421871,Tammy,"300 Samuel Terrace, South Theresaville, WA 22009",2020,Inattivo,Orientamento in Psicologia Cognitiva Applicata
423450,Hannah,"20384 Ruth Vista Suite 057, Port Ericside, KS 80844",2016,Attivo,Orientamento in Scienze Geologiche Applicate
214436,Zachary,"945 Bethany Rapids Apt. 583, Ashleymouth, PW 46173",2010,Attivo,Orientamento in Economia e Commercio Internazionale
446791,Brittany,"94943 Payne Square, South Jennashire, PR 57339",2011,Inattivo,Orientamento in Biologia Marina
397240,Denise,"52163 Barbara Spring Suite 256, North Dylan, KY 99813",2015,Attivo,Orientamento in Linguistica Computazionale
555122,Monica,"252 Joshua Mountains Suite 267, South Ashley, MO 32121",2011,Attivo,Orientamento in Scienze della Cultura Digitale
623363,John,"0523 Hayes Villages Suite 398, East Theresaland, MN 72260",2024,Inattivo,Orientamento in Ingegneria Elettrica
586821,Jodi,"091 Thomas Islands Apt. 462, Rileyborough, SD 63266",2024,Sospeso,Orientamento in Scienze Ambientali
